"ID","Description","GeneRatio","BgRatio","RichFactor","FoldEnrichment","zScore","pvalue","p.adjust","qvalue","geneID","Count"
"GO:0007409","axonogenesis","51/496","472/18860",0.108050847457627,4.10854633679606,11.2402927821572,8.35146632628069e-18,3.22617144184223e-14,2.79730166844475e-14,"DLX5/STMN1/MAPT/RAB3A/NRXN3/APLP1/MYCBP2/ISL1/UCHL1/ARX/MAP2/ROBO1/RUFY3/GAP43/LRRC4C/ANK3/SHTN1/NCAM1/ROBO2/CDK5R1/DCLK1/NDN/APP/CHL1/NEFL/KALRN/CTNNA2/NRXN1/GDI1/BCL11B/LMO4/KLF7/WNT7A/L1CAM/EVL/TIAM1/ISLR2/TOP2B/NRP2/SLITRK4/EPHA4/PAK3/MACF1/ATL1/GSK3B/EFNB3/MAP6/EFNA3/ADCY1/CLASP2/KIF5A",51
"GO:0099003","vesicle-mediated transport in synapse","34/496","259/18860",0.131274131274131,4.99159297546394,10.6302752969486,1.04855523510682e-14,2.02528443660881e-11,1.75605408321573e-11,"SLC32A1/VAMP2/CALM2/RAB3A/NSG1/SYT5/RIMS2/CALM3/DNM3/AP2M1/PLS3/SV2A/SNAP25/GRIP2/ATP6V0A1/NRXN1/SYP/NECAP1/SYN1/ATP6V1A/CALY/WNT7A/CLTB/ATP6V0D1/DNM1/NAPB/SYT4/AAK1/CADPS/PCLO/PFN2/GRIPAP1/RABEP1/ERC2",34
"GO:0010975","regulation of neuron projection development","42/496","448/18860",0.09375,3.56476814516129,9.02928084360117,9.75853876212123e-13,1.25657450793581e-09,1.08953229266911e-09,"STMN2/MAPT/CRMP1/DPYSL3/MYCBP2/CCDC88A/MAP2/KIDINS220/ROBO1/RUFY3/GPC2/NGEF/LRRC4C/MAPRE3/SHTN1/ROBO2/CDK5R1/STMN3/SNAP25/NEFL/CAMK2B/CTNNA2/ZNF804A/KIF1A/GDI1/PARP6/WNT7A/L1CAM/NEDD4L/TIAM1/ISLR2/MAGI2/EPHA4/PAK3/MACF1/NEGR1/GSK3B/EFNB3/MAP6/SRCIN1/NDRG4/TANC2",42
"GO:0030705","cytoskeleton-dependent intracellular transport","28/496","210/18860",0.133333333333333,5.06989247311828,9.7469713840783,1.68463677330376e-12,1.62693796381811e-09,1.41066163490857e-09,"MAPT/CDC42/UCHL1/FNBP1L/CCDC88A/MAP2/RUFY3/KIFAP3/DYNC1I1/DYNC1I2/KIF3A/APP/NEFL/KIF1A/BLOC1S2/DYNC1H1/ACTR10/SYT4/DST/TUBA1C/RABL2B/ARL8A/MAP6/WASF1/MYO5A/BORCS8/TANC2/KIF5A",28
"GO:0099504","synaptic vesicle cycle","27/496","220/18860",0.122727272727273,4.66660557184751,8.99019489879477,3.01234062287166e-11,2.32733436523064e-08,2.01795112883739e-08,"SLC32A1/VAMP2/RAB3A/SYT5/RIMS2/CALM3/DNM3/AP2M1/PLS3/SV2A/SNAP25/ATP6V0A1/NRXN1/SYP/SYN1/ATP6V1A/WNT7A/CLTB/ATP6V0D1/DNM1/NAPB/SYT4/CADPS/PCLO/PFN2/GRIPAP1/ERC2",27
"GO:0050807","regulation of synapse organization","32/496","322/18860",0.0993788819875776,3.77880184331797,8.26552800491865,1.22299024020323e-10,7.87401882984179e-08,6.82728937601171e-08,"CRMP1/MYCBP2/CDC42/NGEF/MAPRE3/GRIN2B/ROBO2/CDK5R1/ELMO1/SLC12A5/APP/NEFL/CAMK2B/CTNNA2/NRXN1/ZNF804A/KIF1A/NRXN2/PRNP/DLGAP4/WNT7A/NEDD4L/MEF2C/LIN7B/NRP2/SLITRK4/EPHA4/PAK3/NEGR1/SRCIN1/LRRN3/TANC2",32
"GO:0050803","regulation of synapse structure or activity","32/496","329/18860",0.0972644376899696,3.69840180409844,8.11468500221568,2.12566653667065e-10,1.1730642615941e-07,1.01712344656932e-07,"CRMP1/MYCBP2/CDC42/NGEF/MAPRE3/GRIN2B/ROBO2/CDK5R1/ELMO1/SLC12A5/APP/NEFL/CAMK2B/CTNNA2/NRXN1/ZNF804A/KIF1A/NRXN2/PRNP/DLGAP4/WNT7A/NEDD4L/MEF2C/LIN7B/NRP2/SLITRK4/EPHA4/PAK3/NEGR1/SRCIN1/LRRN3/TANC2",32
"GO:0106027","neuron projection organization","17/496","93/18860",0.182795698924731,6.95065903572667,9.45421860949556,2.86610439608125e-10,1.38397016025774e-07,1.19999265635928e-07,"CDC42/NGEF/MAPRE3/GRIN2B/CDK5R1/APP/CAMK2B/ATP1A3/ZNF804A/KIF1A/PRNP/WNT7A/EPHA4/PAK3/GSK3B/SRCIN1/TANC2",17
"GO:0008088","axo-dendritic transport","16/496","85/18860",0.188235294117647,7.15749525616698,9.35061341901078,6.10029328657844e-10,2.42770879516682e-07,2.10498232522332e-07,"MAPT/UCHL1/MAP2/RUFY3/KIFAP3/KIF3A/APP/NEFL/KIF1A/BLOC1S2/DYNC1H1/ACTR10/DST/ARL8A/WASF1/KIF5A",16
"GO:0007269","neurotransmitter secretion","21/496","154/18860",0.136363636363636,5.18511730205279,8.57026117256086,6.91296835279186e-10,2.42770879516682e-07,2.10498232522332e-07,"SLC32A1/VAMP2/RAB3A/SYT5/RIMS2/CALM3/SV2A/SNAP25/NRXN1/SYP/NRXN2/SYN1/WNT7A/NAPB/MEF2C/SYT4/LIN7B/CADPS/PCLO/PFN2/ERC2",21
"GO:0099643","signal release from synapse","21/496","154/18860",0.136363636363636,5.18511730205279,8.57026117256086,6.91296835279186e-10,2.42770879516682e-07,2.10498232522332e-07,"SLC32A1/VAMP2/RAB3A/SYT5/RIMS2/CALM3/SV2A/SNAP25/NRXN1/SYP/NRXN2/SYN1/WNT7A/NAPB/MEF2C/SYT4/LIN7B/CADPS/PCLO/PFN2/ERC2",21
"GO:0048813","dendrite morphogenesis","20/496","144/18860",0.138888888888889,5.28113799283154,8.47521024947869,1.27103545707065e-09,4.09167497555328e-07,3.54774984596387e-07,"CDC42/MAP2/KIDINS220/NGEF/RERE/MAPRE3/CDK5R1/CAMK2B/CTNNA2/KIF1A/PARP6/KLF7/WNT7A/NEDD4L/EPHA4/PAK3/GSK3B/MAP6/SRCIN1/TANC2",20
"GO:0099175","regulation of postsynapse organization","20/496","146/18860",0.136986301369863,5.20879363676536,8.39010264335451,1.62734697993717e-09,4.74287448405192e-07,4.11238241569906e-07,"CRMP1/CDC42/NGEF/MAPRE3/GRIN2B/CDK5R1/ELMO1/SLC12A5/APP/CAMK2B/ZNF804A/KIF1A/NRXN2/PRNP/WNT7A/NRP2/EPHA4/PAK3/SRCIN1/TANC2",20
"GO:0099173","postsynapse organization","26/496","245/18860",0.106122448979592,4.03522053982883,7.85883735616055,1.71887762818345e-09,4.74287448405192e-07,4.11238241569906e-07,"INA/CRMP1/CDC42/NGEF/GAP43/MAPRE3/GRIN2B/CDK5R1/ELMO1/SLC12A5/APP/NEFL/CAMK2B/NRXN1/ZNF804A/KIF1A/NRXN2/HIP1R/PRNP/WNT7A/FRRS1L/NRP2/EPHA4/PAK3/SRCIN1/TANC2",26
"GO:0048167","regulation of synaptic plasticity","25/496","231/18860",0.108225108225108,4.11517246194666,7.82906394222574,2.36220530943407e-09,6.08346607356253e-07,5.27476301376786e-07,"VAMP2/MAPT/CALM2/RAB3A/NSG1/NRGN/CALM3/GRIN2B/YWHAG/PLK2/APP/SNAP25/CAMK2B/SYP/PRNP/SLC38A1/MEF2C/JPH4/HRAS/CALB2/SYT4/SLITRK4/EPHA4/GSK3B/ADCY1",25
"GO:0031346","positive regulation of cell projection organization","32/496","367/18860",0.0871934604904632,3.31546101784302,7.36178869118217,3.28636389078624e-09,7.93451481881702e-07,6.87974335558013e-07,"STMN2/MAPT/DPYSL3/CDC42/FNBP1L/CCDC88A/KIDINS220/ROBO1/RUFY3/GPC2/MAPRE3/FSCN1/SHTN1/ROBO2/APC/NEFL/CAMK2B/ZNF804A/GDI1/PARP6/ARHGEF7/L1CAM/HRAS/TIAM1/ISLR2/MAGI2/EPHA4/MACF1/NEGR1/GSK3B/MAP6/NDRG4",32
"GO:0097061","dendritic spine organization","15/496","83/18860",0.180722891566265,6.87184220753984,8.81083048759087,3.80045156497788e-09,8.6359672914762e-07,7.48794853235889e-07,"CDC42/NGEF/MAPRE3/GRIN2B/CDK5R1/APP/CAMK2B/ZNF804A/KIF1A/PRNP/WNT7A/EPHA4/PAK3/SRCIN1/TANC2",15
"GO:0051648","vesicle localization","24/496","223/18860",0.10762331838565,4.09228988861565,7.6341582051039,5.53138161179986e-09,1.15064472757749e-06,9.97684244083975e-07,"RAB3A/FNBP1L/MAP2/DNM3/KIFAP3/DYNC1I1/KIF3A/RAB11B/SNAP25/NRXN1/KIF1A/BLOC1S2/SYN1/DNM1/SYT4/STARD3NL/LIN7B/CADPS/EXOC7/PCLO/MYO5A/CLASP2/TANC2/KIF5A",24
"GO:0016358","dendrite development","25/496","241/18860",0.103734439834025,3.94441841788248,7.56042827136646,5.65939679626516e-09,1.15064472757749e-06,9.97684244083975e-07,"CDC42/MAP2/KIDINS220/NGEF/RERE/MAPRE3/ACTL6B/CDK5R1/SLC12A5/APP/CAMK2B/CTNNA2/KIF1A/PARP6/KLF7/WNT7A/NEDD4L/MEF2C/EPHA4/PAK3/GSK3B/MAP6/MAPK6/SRCIN1/TANC2",25
"GO:0050770","regulation of axonogenesis","19/496","145/18860",0.131034482758621,4.98248053392659,7.91150803559915,8.82928465457647e-09,1.70537633103145e-06,1.47867283004539e-06,"MAPT/MAP2/ROBO1/RUFY3/LRRC4C/SHTN1/ROBO2/NEFL/GDI1/WNT7A/L1CAM/TIAM1/ISLR2/EPHA4/PAK3/MACF1/GSK3B/EFNB3/MAP6",19
"GO:0006836","neurotransmitter transport","23/496","216/18860",0.106481481481481,4.04887246117085,7.40650145461375,1.41280244420619e-08,2.59888373427072e-06,2.2534021942176e-06,"SLC32A1/VAMP2/RAB3A/SYT5/RIMS2/CALM3/APP/SV2A/SNAP25/NRXN1/SYP/NRXN2/SYN1/WNT7A/SLC38A1/NAPB/MEF2C/SYT4/LIN7B/CADPS/PCLO/PFN2/ERC2",23
"GO:0016079","synaptic vesicle exocytosis","16/496","105/18860",0.152380952380952,5.79416282642089,8.09590534432312,1.49667242852557e-08,2.62802072336104e-06,2.27866586964994e-06,"VAMP2/RAB3A/SYT5/RIMS2/CALM3/SV2A/SNAP25/SYP/SYN1/WNT7A/NAPB/SYT4/CADPS/PCLO/PFN2/ERC2",16
"GO:0010970","transport along microtubule","21/496","183/18860",0.114754098360656,4.36343204653622,7.5139996365139,1.61852538733998e-08,2.71841894404101e-06,2.357047040053e-06,"MAPT/CDC42/UCHL1/MAP2/RUFY3/KIFAP3/DYNC1I1/DYNC1I2/KIF3A/APP/NEFL/KIF1A/BLOC1S2/DYNC1H1/ACTR10/DST/RABL2B/ARL8A/WASF1/BORCS8/KIF5A",21
"GO:0098930","axonal transport","13/496","68/18860",0.191176470588235,7.26933111954459,8.51149187608335,2.06369569766194e-08,3.32169020002836e-06,2.88012267980714e-06,"MAPT/UCHL1/MAP2/RUFY3/KIF3A/NEFL/KIF1A/BLOC1S2/DYNC1H1/ACTR10/DST/ARL8A/KIF5A",13
"GO:0007411","axon guidance","24/496","243/18860",0.0987654320987654,3.75547590601354,7.10495663839247,2.9781556198907e-08,4.60184606385511e-06,3.99010155052304e-06,"DLX5/NRXN3/MYCBP2/ISL1/ARX/ROBO1/GAP43/NCAM1/ROBO2/CDK5R1/APP/CHL1/KALRN/NRXN1/BCL11B/LMO4/KLF7/L1CAM/EVL/NRP2/EPHA4/EFNB3/EFNA3/KIF5A",24
"GO:0097485","neuron projection guidance","24/496","244/18860",0.0983606557377049,3.74008461131676,7.07998321581657,3.2235648919418e-08,4.78947352983507e-06,4.15278683650154e-06,"DLX5/NRXN3/MYCBP2/ISL1/ARX/ROBO1/GAP43/NCAM1/ROBO2/CDK5R1/APP/CHL1/KALRN/NRXN1/BCL11B/LMO4/KLF7/L1CAM/EVL/NRP2/EPHA4/EFNB3/EFNA3/KIF5A",24
"GO:0042391","regulation of membrane potential","35/496","474/18860",0.0738396624472574,2.80769361644208,6.55068767867798,4.30918385101987e-08,6.1653248949962e-06,5.34573996645038e-06,"MLLT11/MAPT/TAC1/CXADR/AKAP9/CELF4/ATP1B1/RIMS2/CALM3/SCN3A/GABRB3/SLC8A1/GLRA2/GRIN2B/ANK3/SCN3B/ATXN1/GRIA2/APP/ANK2/ATP1A3/NRXN1/AKAP6/WNT7A/PID1/SCN2A/NEDD4L/MEF2C/FHL1/HCN3/GSK3B/BAD/GOT1/GABBR1/CACNB3",35
"GO:0032253","dense core granule localization","8/496","22/18860",0.363636363636364,13.8269794721408,9.89315629613126,5.00102862745851e-08,6.89963342424007e-06,5.98243349344848e-06,"RAB3A/MAP2/SNAP25/KIF1A/SYT4/CADPS/TANC2/KIF5A",8
"GO:0050890","cognition","28/496","333/18860",0.0840840840840841,3.19722948755207,6.64831381963757,6.94944986295224e-08,9.25714648985673e-06,8.02655152955137e-06,"MAPT/TAC1/NRXN3/MEIS2/NRGN/GABRB3/GRIN2B/FOXP2/SLC12A5/ATXN1/PLK2/APP/CHL1/SNAP25/NRXN1/NRXN2/PRNP/CAMK2N1/SCN2A/SOBP/MEF2C/JPH4/SYT4/SLITRK4/PRKAR2B/NDRG4/JAKMIP1/ADCY1",28
"GO:0048588","developmental cell growth","23/496","238/18860",0.0966386554621849,3.67460693955001,6.82420101358216,8.64364957698993e-08,1.08438181759112e-05,9.40229966776555e-06,"MAPT/RIMS2/MAP2/RUFY3/SHTN1/DCLK1/NDN/APP/PRMT2/CPNE5/GDI1/AKAP6/L1CAM/NEDD4L/SYT4/MEIS1/ISLR2/NRP2/MACF1/GSK3B/WASF1/CLASP2/FOXP1",23
"GO:0051656","establishment of organelle localization","31/496","400/18860",0.0775,2.946875,6.4679810988401,8.85655101163142e-08,1.08438181759112e-05,9.40229966776555e-06,"MAPT/RAB3A/CDC42/UCHL1/FNBP1L/MAP2/DNM3/KIFAP3/DYNC1I1/KIF3A/RAB11B/SNAP25/NEFL/KIF1A/BLOC1S2/DYNC1H1/ACTR10/DNM1/SYT4/STARD3NL/LIN7B/CADPS/EXOC7/NSFL1C/WASF1/MYO5A/MAP4/BORCS8/CLASP2/TANC2/KIF5A",31
"GO:0031110","regulation of microtubule polymerization or depolymerization","15/496","104/18860",0.144230769230769,5.48425868486352,7.53622301855474,8.98271244186275e-08,1.08438181759112e-05,9.40229966776555e-06,"STMN1/STMN2/MAPT/AKAP9/MAP2/MAPRE3/STMN4/CDK5R1/PDE4DIP/APC/STMN3/ARHGEF7/APC2/CLASP2/NAV3",15
"GO:0070507","regulation of microtubule cytoskeleton organization","19/496","168/18860",0.113095238095238,4.30035522273425,7.06161388265173,9.87683176796682e-08,1.12776772736225e-05,9.77848388480917e-06,"STMN1/STMN2/MAPT/ATAT1/AKAP9/MAP2/MAPRE3/STMN4/CDK5R1/PDE4DIP/APC/STMN3/DYNC1H1/ARHGEF7/APC2/GSK3B/MAP6/CLASP2/NAV3",19
"GO:0051650","establishment of vesicle localization","21/496","203/18860",0.103448275862069,3.93353726362625,6.90613794659709,9.92599086987228e-08,1.12776772736225e-05,9.77848388480917e-06,"RAB3A/FNBP1L/MAP2/DNM3/KIFAP3/DYNC1I1/KIF3A/RAB11B/SNAP25/KIF1A/BLOC1S2/DNM1/SYT4/STARD3NL/LIN7B/CADPS/EXOC7/MYO5A/CLASP2/TANC2/KIF5A",21
"GO:0072384","organelle transport along microtubule","14/496","93/18860",0.150537634408602,5.72407214706903,7.50545620867784,1.39752870541285e-07,1.54247239685995e-05,1.33742446334547e-05,"MAPT/CDC42/UCHL1/MAP2/KIFAP3/DYNC1I1/KIF3A/NEFL/KIF1A/BLOC1S2/ACTR10/WASF1/BORCS8/KIF5A",14
"GO:0007611","learning or memory","25/496","284/18860",0.0880281690140845,3.34720013630168,6.55012694596258,1.47117206841425e-07,1.57864936119007e-05,1.3687922578053e-05,"MAPT/TAC1/NRXN3/MEIS2/NRGN/GABRB3/GRIN2B/FOXP2/SLC12A5/ATXN1/PLK2/APP/SNAP25/NRXN1/NRXN2/PRNP/CAMK2N1/SCN2A/MEF2C/JPH4/SYT4/SLITRK4/PRKAR2B/NDRG4/ADCY1",25
"GO:0032252","secretory granule localization","8/496","25/18860",0.32,12.1677419354839,9.18267234658614,1.5778530181047e-07,1.64736384025363e-05,1.4283722058632e-05,"RAB3A/MAP2/SNAP25/KIF1A/SYT4/CADPS/TANC2/KIF5A",8
"GO:0006887","exocytosis","29/496","370/18860",0.0783783783783784,2.98027462946818,6.32228917874406,1.83069598782292e-07,1.86104700025261e-05,1.61364948289544e-05,"VAMP2/RAB3A/SYT5/RIMS2/CALM3/RAB11B/SV2A/SNAP25/SYT6/VSNL1/SYP/SYN1/WNT7A/GNAO1/NAPB/SYT4/LIN7B/CADPS/EXOC7/SCAMP5/PCLO/SRCIN1/PFN2/RAB3C/WIPF3/SCAMP1/CLASP2/ERC2/VTI1B",29
"GO:0060996","dendritic spine development","14/496","96/18860",0.145833333333333,5.54519489247312,7.33739569914635,2.09799076721392e-07,2.07808675224292e-05,1.80183714474351e-05,"CDC42/NGEF/MAPRE3/CDK5R1/SLC12A5/CAMK2B/KIF1A/WNT7A/MEF2C/EPHA4/PAK3/MAPK6/SRCIN1/TANC2",14
"GO:0060997","dendritic spine morphogenesis","11/496","58/18860",0.189655172413793,7.21148498331479,7.78617102180929,2.77781125499667e-07,2.68267121951303e-05,2.32605142457879e-05,"CDC42/NGEF/MAPRE3/CDK5R1/CAMK2B/KIF1A/WNT7A/EPHA4/PAK3/SRCIN1/TANC2",11
"GO:0045664","regulation of neuron differentiation","20/496","199/18860",0.100502512562814,3.82152698978765,6.57596990773746,3.20303631870088e-07,2.95514852778039e-05,2.56230707396684e-05,"DLX2/ZFHX3/NREP/DLX1/SIX3/ISL1/CDK5R1/YWHAG/APP/NBL1/SOCS2/BCL11B/MEF2C/SH3GL3/MEIS1/TIAM1/PBX1/GSK3B/PCP4/CYB5D2",20
"GO:0050806","positive regulation of synaptic transmission","19/496","181/18860",0.104972375690608,3.99148993049367,6.64609505082805,3.21294947364163e-07,2.95514852778039e-05,2.56230707396684e-05,"VAMP2/CALM2/TAC1/NSG1/NRGN/CALM3/GRIN2B/PLK2/APP/SNAP25/CAMK2B/NRXN1/PRNP/CACNG8/SLITRK4/KCTD13/EPHA4/GSK3B/ADCY1",19
"GO:0008038","neuron recognition","10/496","48/18860",0.208333333333333,7.92170698924731,7.89101503452952,3.85623507482185e-07,3.4084384214359e-05,2.95533906208947e-05,"ROBO1/GAP43/ROBO2/CDK5R1/NDN/APP/EPHA4/NTM/EFNB3/IGLON5",10
"GO:0060291","long-term synaptic potentiation","15/496","116/18860",0.129310344827586,4.91692157953281,6.95439348756181,3.88224930217913e-07,3.4084384214359e-05,2.95533906208947e-05,"VAMP2/CALM2/NSG1/NRGN/CALM3/GRIN2B/PLK2/APP/SNAP25/CAMK2B/PRNP/SLITRK4/EPHA4/GSK3B/ADCY1",15
"GO:0007416","synapse assembly","24/496","284/18860",0.0845070422535211,3.21331213084961,6.17649735269127,5.51102704618112e-07,4.73091055097726e-05,4.10200890314581e-05,"MAPT/CRMP1/MYCBP2/ERBB4/GAP43/GABRB3/DNM3/ADGRL3/ROBO2/ELMO1/SLC12A5/SPOCK2/APP/NRXN1/NRXN2/PLXNA2/WNT7A/MEF2C/LIN7B/DNER/SLITRK4/NEGR1/PCLO/LRRN3",24
"GO:0099518","vesicle cytoskeletal trafficking","11/496","62/18860",0.17741935483871,6.74622788761707,7.44799530315244,5.63973547125501e-07,4.73615176640394e-05,4.10655337975594e-05,"FNBP1L/MAP2/KIFAP3/DYNC1I1/KIF3A/KIF1A/BLOC1S2/SYT4/MYO5A/TANC2/KIF5A",11
"GO:0031109","microtubule polymerization or depolymerization","17/496","153/18860",0.111111111111111,4.22491039426523,6.58230225285676,5.99548377950608e-07,4.92777741281532e-05,4.27270534969504e-05,"STMN1/STMN2/MAPT/AKAP9/MAP2/MAPRE3/STMN4/CDK5R1/PDE4DIP/APC/STMN3/BLOC1S2/ARHGEF7/APC2/MAP4/CLASP2/NAV3",17
"GO:1990138","neuron projection extension","18/496","174/18860",0.103448275862069,3.93353726362625,6.38887789035021,8.13726144830755e-07,6.54880020308585e-05,5.67823814221812e-05,"MAPT/RIMS2/MAP2/RUFY3/SHTN1/DCLK1/NDN/CPNE5/GDI1/L1CAM/NEDD4L/SYT4/ISLR2/NRP2/MACF1/GSK3B/WASF1/CLASP2",18
"GO:0050772","positive regulation of axonogenesis","12/496","78/18860",0.153846153846154,5.84987593052109,7.05380644138287,8.61268537295912e-07,6.78995991749818e-05,5.88733938920643e-05,"MAPT/ROBO1/RUFY3/SHTN1/ROBO2/NEFL/GDI1/L1CAM/TIAM1/ISLR2/MACF1/MAP6",12
"GO:0099111","microtubule-based transport","21/496","232/18860",0.0905172413793103,3.44184510567297,6.15028889248244,9.30200873094626e-07,7.18673194552908e-05,6.23136669092021e-05,"MAPT/CDC42/UCHL1/MAP2/RUFY3/KIFAP3/DYNC1I1/DYNC1I2/KIF3A/APP/NEFL/KIF1A/BLOC1S2/DYNC1H1/ACTR10/DST/RABL2B/ARL8A/WASF1/BORCS8/KIF5A",21
"GO:0048013","ephrin receptor signaling pathway","10/496","53/18860",0.188679245283019,7.17437614120511,7.39754783307554,1.02187290296401e-06,7.74018632186271e-05,6.71124783742309e-05,"NGEF/CDK5R1/KALRN/ARHGEF7/TIAM1/ANKS1B/EPHA4/PAK3/EFNB3/EFNA3",10
"GO:0032886","regulation of microtubule-based process","23/496","276/18860",0.0833333333333333,3.16868279569892,5.96482220793052,1.20876373758871e-06,8.97971984289457e-05,7.7860044797718e-05,"STMN1/STMN2/MAPT/TAC1/ATAT1/AKAP9/MAP2/RUFY3/MAPRE3/STMN4/CDK5R1/PDE4DIP/APC/STMN3/PLK2/DYNC1H1/ARHGEF7/APC2/MACF1/GSK3B/MAP6/CLASP2/NAV3",23
"GO:0031113","regulation of microtubule polymerization","11/496","67/18860",0.164179104477612,6.24277804525758,7.0650842161538,1.26658514882685e-06,9.23173288663797e-05,8.00451627322153e-05,"STMN1/STMN2/MAPT/AKAP9/MAP2/MAPRE3/CDK5R1/PDE4DIP/ARHGEF7/CLASP2/NAV3",11
"GO:0008090","retrograde axonal transport","7/496","23/18860",0.304347826086957,11.5725806451613,8.33787888065379,1.41878712233064e-06,0.000101495826917838,8.80035209211717e-05,"RUFY3/NEFL/KIF1A/DYNC1H1/ACTR10/DST/KIF5A",7
"GO:0072657","protein localization to membrane","31/496","458/18860",0.0676855895196507,2.57368995633188,5.60319743157753,1.67171100129742e-06,0.000117414901782035,0.00010180640011729,"CD24/VAMP2/NSG1/ATP1B1/ERBB4/CCDC88A/GPC2/AP2M1/ANK3/SCN3B/ANK2/GRIP2/CAMK2B/NRXN1/NRXN2/STX7/PRNP/PID1/FRRS1L/WNK3/HRAS/OPTN/MAGI2/MACF1/MYO5A/GRIPAP1/SPTBN1/SH3GLB1/CACNB3/RABEP1/VTI1B",31
"GO:0021953","central nervous system neuron differentiation","21/496","245/18860",0.0857142857142857,3.25921658986175,5.84959659407959,2.2432247465718e-06,0.000154742449928694,0.000134171826007358,"DLX5/DLX2/MAPT/DLX1/MYCBP2/ISL1/ARX/ERBB4/MAP2/ROBO1/FOXP2/ROBO2/DCLK2/NRXN1/CHD5/BCL11B/LMO4/WNT7A/NRP2/EPHA4/FAIM2",21
"GO:0086001","cardiac muscle cell action potential","12/496","88/18860",0.136363636363636,5.18511730205279,6.46710965515245,3.21023117485934e-06,0.000217563561903186,0.000188641839305677,"CXADR/AKAP9/ATP1B1/CALM3/SCN3A/SLC8A1/ANK3/SCN3B/ANK2/SCN2A/NEDD4L/HCN3",12
"GO:0016049","cell growth","32/496","499/18860",0.064128256513026,2.43842523757192,5.35187459175064,3.56767551417267e-06,0.000237619491573259,0.000206031642215925,"MAPT/EIF4G2/CDC42/RIMS2/MAP2/RUFY3/CDKN2D/MEAF6/SHTN1/DCLK1/NDN/APP/PRMT2/IP6K2/CPNE5/GDI1/SOCS2/AKAP6/L1CAM/NEDD4L/SYT4/MEIS1/ISLR2/NRP2/GNG4/FHL1/MACF1/GSK3B/DACT3/WASF1/CLASP2/FOXP1",32
"GO:0072583","clathrin-dependent endocytosis","9/496","49/18860",0.183673469387755,6.98403554970375,6.89291288327797,4.51079702304412e-06,0.000295342523729143,0.000256081286839008,"FNBP1L/AP2M1/HIP1R/CLTB/DNM1/SH3GL3/AAK1/MAGI2/UBQLN2",9
"GO:0001764","neuron migration","18/496","197/18860",0.0913705583756345,3.47429179629933,5.73732995156574,4.86439763519289e-06,0.000306400803244081,0.000265669538515925,"DCX/TUBB2A/ARX/ERBB4/ADGRL3/SHTN1/CDK5R1/NDN/CHL1/CAMK2B/CTNNA2/MEF2C/TOP2B/NRP2/SCRT2/DNER/NAV1/IGSF10",18
"GO:0099519","dense core granule cytoskeletal transport","5/496","11/18860",0.454545454545455,17.283724340176,8.87814949453592,4.99695847900003e-06,0.000306400803244081,0.000265669538515925,"MAP2/KIF1A/SYT4/TANC2/KIF5A",5
"GO:1901950","dense core granule transport","5/496","11/18860",0.454545454545455,17.283724340176,8.87814949453592,4.99695847900003e-06,0.000306400803244081,0.000265669538515925,"MAP2/KIF1A/SYT4/TANC2/KIF5A",5
"GO:1990709","presynaptic active zone organization","5/496","11/18860",0.454545454545455,17.283724340176,8.87814949453592,4.99695847900003e-06,0.000306400803244081,0.000265669538515925,"RAB3A/RIMS2/NRXN1/PCLO/ERC2",5
"GO:0097479","synaptic vesicle localization","10/496","63/18860",0.158730158730159,6.03558627752176,6.57949516095565,5.2937718646535e-06,0.00031952876114307,0.000277052336732359,"RAB3A/MAP2/DNM3/NRXN1/BLOC1S2/SYN1/DNM1/LIN7B/PCLO/KIF5A",10
"GO:0046785","microtubule polymerization","13/496","110/18860",0.118181818181818,4.49376832844575,6.03957441339217,6.388658976918e-06,0.000379682917351296,0.000329209924932034,"STMN1/STMN2/MAPT/AKAP9/MAP2/MAPRE3/CDK5R1/PDE4DIP/BLOC1S2/ARHGEF7/MAP4/CLASP2/NAV3",13
"GO:1902903","regulation of supramolecular fiber organization","27/496","395/18860",0.0683544303797468,2.59912209064924,5.27863995921349,6.56085277025086e-06,0.000384008700779986,0.000332960662120227,"STMN1/STMN2/MAPT/TAC1/AKAP9/CDC42/CCDC88A/MAP2/PFDN2/MTSS1/MAPRE3/CDK5R1/PDE4DIP/APC/APP/CTNNA2/HIP1R/ARHGEF7/APC2/EVL/PAK3/TMEFF2/PFN2/WASF1/SPTBN1/CLASP2/NAV3",27
"GO:0007015","actin filament organization","30/496","469/18860",0.0639658848614073,2.43225118646399,5.16201742595656,7.57400446867273e-06,0.000434820037484808,0.000377017414683613,"STMN1/TMSB10/MARCKSL1/TAC1/DPYSL3/CDC42/CCDC88A/RUFY3/TAGLN3/MTSS1/FSCN1/SHTN1/ELMO1/PLS3/GAS2L3/CTNNA2/HIP1R/SH3KBP1/EVL/KCTD13/PAK3/SAMD14/TMEFF2/PFN2/WASF1/MYO5A/RND3/SPTBN1/WIPF3/CLASP2",30
"GO:0098876","vesicle-mediated transport to the plasma membrane","16/496","165/18860",0.096969696969697,3.6871945259042,5.69763822447777,7.65409333392879e-06,0.000434820037484808,0.000377017414683613,"VAMP2/NSG1/ANK3/ARL4C/RAB11B/GRIP2/GDI1/STX12/OPTN/MACF1/NDRG4/GRIPAP1/SPTBN1/WIPF3/RABEP1/MTMR4",16
"GO:0021889","olfactory bulb interneuron differentiation","5/496","12/18860",0.416666666666667,15.8434139784946,8.45295024913642,8.3809863485341e-06,0.000448087045987968,0.000388520778869358,"DLX5/ARX/ERBB4/ROBO1/ROBO2",5
"GO:0048638","regulation of developmental growth","24/496","332/18860",0.072289156626506,2.74873688301593,5.28318437577568,8.43411540695009e-06,0.000448087045987968,0.000388520778869358,"MAPT/MYCBP2/ARX/RIMS2/ERBB4/MAP2/RUFY3/SHTN1/APP/CPNE5/GDI1/SOCS2/AKAP6/L1CAM/NEDD4L/MEF2C/SYT4/LIN7B/ISLR2/FGF9/MACF1/GSK3B/CLASP2/FOXP1",24
"GO:0007018","microtubule-based movement","31/496","496/18860",0.0625,2.37651209677419,5.10568191847261,8.49409983376654e-06,0.000448087045987968,0.000388520778869358,"MAPT/TAC1/CDC42/UCHL1/KLC1/MAP2/RUFY3/DYNLRB1/KIFAP3/DYNC1I1/DYNC1I2/KIF3A/APC/APP/CELF3/NEFL/DYNC1LI2/KIF1A/BLOC1S2/DYNC1H1/ACTR10/KIF21B/KIF3C/DST/RABL2B/ARL8A/ASH1L/WASF1/MAP4/BORCS8/KIF5A",31
"GO:0021879","forebrain neuron differentiation","11/496","81/18860",0.135802469135802,5.16377937076862,6.17178109901742,8.58049078617808e-06,0.000448087045987968,0.000388520778869358,"DLX5/DLX2/DLX1/ARX/ERBB4/ROBO1/ROBO2/DCLK2/CHD5/BCL11B/NRP2",11
"GO:0097120","receptor localization to synapse","11/496","81/18860",0.135802469135802,5.16377937076862,6.17178109901742,8.58049078617808e-06,0.000448087045987968,0.000388520778869358,"NSG1/ERBB4/KIFAP3/SLC12A5/GRIP2/NRXN1/STX7/HRAS/CACNG8/GRIPAP1/KIF5A",11
"GO:0048675","axon extension","13/496","113/18860",0.115044247787611,4.37446474450471,5.91282129811778,8.61170070272282e-06,0.000448087045987968,0.000388520778869358,"MAPT/MAP2/RUFY3/SHTN1/DCLK1/NDN/GDI1/L1CAM/ISLR2/NRP2/MACF1/GSK3B/CLASP2",13
"GO:0050767","regulation of neurogenesis","26/496","378/18860",0.0687830687830688,2.61542072025943,5.21403080261711,8.69959317864292e-06,0.000448087045987968,0.000388520778869358,"DLX2/MAPT/DLX1/MAP2/ROBO1/RUFY3/MAPRE3/SHTN1/KIFAP3/ROBO2/SMARCD3/ATXN1/NEFL/CAMK2B/GDI1/PARP6/WNT7A/L1CAM/SYT4/TIAM1/ISLR2/EPHA4/MACF1/NEGR1/EFNB3/MAP6",26
"GO:0140029","exocytic process","12/496","97/18860",0.123711340206186,4.70402394413036,6.01069982444372,8.99726632913522e-06,0.000457321576703281,0.000396527721043051,"RAB3A/SYT5/RIMS2/SV2A/SNAP25/SYP/GNAO1/NAPB/SYT4/EXOC7/ERC2/VTI1B",12
"GO:0051962","positive regulation of nervous system development","22/496","291/18860",0.0756013745704467,2.87468129919078,5.29658821593045,9.91829868650822e-06,0.000497589452285471,0.000431442603150638,"MAPT/ROBO1/RUFY3/MAPRE3/SHTN1/ROBO2/SMARCD3/ATXN1/NEFL/CAMK2B/NRXN1/GDI1/PARP6/WNT7A/L1CAM/TIAM1/ISLR2/SLITRK4/EPHA4/MACF1/MAP6/LRRN3",22
"GO:0045055","regulated exocytosis","19/496","230/18860",0.0826086956521739,3.14112903225806,5.36928995119455,1.15239458415382e-05,0.000570730804946948,0.00049486094018589,"VAMP2/RAB3A/SYT5/RIMS2/CALM3/RAB11B/SV2A/SNAP25/SYT6/SYP/SYN1/WNT7A/NAPB/SYT4/CADPS/SCAMP5/PCLO/PFN2/ERC2",19
"GO:0072659","protein localization to plasma membrane","22/496","295/18860",0.0745762711864407,2.83570256971022,5.22254719780682,1.2292030390413e-05,0.000601064726559057,0.000521162434407651,"VAMP2/NSG1/ATP1B1/CCDC88A/AP2M1/ANK3/SCN3B/ANK2/GRIP2/CAMK2B/NRXN1/STX7/PRNP/PID1/WNK3/OPTN/MACF1/MYO5A/GRIPAP1/SPTBN1/CACNB3/VTI1B",22
"GO:0031345","negative regulation of cell projection organization","17/496","192/18860",0.0885416666666667,3.36672547043011,5.41709097639961,1.34680008237064e-05,0.000650336089774724,0.000563883929224129,"STMN2/CRMP1/DPYSL3/MAP2/RUFY3/NGEF/GRIN2B/STMN3/NRXN1/GDI1/PRNP/ODF2L/EVL/EPHA4/EFNB3/PFN2/MAP4",17
"GO:1990778","protein localization to cell periphery","25/496","365/18860",0.0684931506849315,2.60439681838268,5.08683420519258,1.38973102539597e-05,0.000657310835864431,0.000569931490311762,"VAMP2/NSG1/ATP1B1/ERBB4/CCDC88A/AP2M1/ANK3/SCN3B/ANK2/GRIP2/CAMK2B/NRXN1/STX7/PRNP/PID1/WNK3/HRAS/OPTN/MACF1/MYO5A/GRIPAP1/SPTBN1/CACNB3/RABEP1/VTI1B",25
"GO:0061001","regulation of dendritic spine morphogenesis","8/496","43/18860",0.186046511627907,7.07426856714179,6.55344338087824,1.39527539582923e-05,0.000657310835864431,0.000569931490311762,"NGEF/MAPRE3/CDK5R1/CAMK2B/KIF1A/EPHA4/SRCIN1/TANC2",8
"GO:0048639","positive regulation of developmental growth","16/496","174/18860",0.0919540229885057,3.49647756766778,5.43701644209283,1.50078905673012e-05,0.000698499774234753,0.000605644994104659,"MAPT/ARX/RIMS2/ERBB4/RUFY3/SHTN1/CPNE5/GDI1/AKAP6/L1CAM/NEDD4L/MEF2C/SYT4/ISLR2/FGF9/MACF1",16
"GO:0051960","regulation of nervous system development","29/496","466/18860",0.0622317596566524,2.36631247404126,4.90819068703444,1.7970144378923e-05,0.000826412711140231,0.000716553877365074,"DLX2/MAPT/DLX1/MAP2/ROBO1/RUFY3/MAPRE3/SHTN1/KIFAP3/ROBO2/SMARCD3/ATXN1/NEFL/CAMK2B/NRXN1/GDI1/PARP6/WNT7A/L1CAM/SYT4/TIAM1/ISLR2/SLITRK4/EPHA4/MACF1/NEGR1/EFNB3/MAP6/LRRN3",29
"GO:0031111","negative regulation of microtubule polymerization or depolymerization","8/496","45/18860",0.177777777777778,6.75985663082437,6.35744110380468,1.9805968474419e-05,0.000900123014313889,0.000780465531710232,"STMN1/STMN2/MAP2/APC/ARHGEF7/APC2/CLASP2/NAV3",8
"GO:0090150","establishment of protein localization to membrane","21/496","283/18860",0.0742049469964664,2.82158326684145,5.07423973511736,2.08129548645918e-05,0.000934888891185092,0.000810609821041995,"CD24/VAMP2/NSG1/ATP1B1/CALM3/ANK3/CDK5R1/SEC62/RAB11B/ARL6IP1/GRIP2/REEP1/GDI1/PRNP/HRAS/OPTN/BAG6/MACF1/MOAP1/GRIPAP1/SPTBN1",21
"GO:0086065","cell communication involved in cardiac conduction","9/496","59/18860",0.152542372881356,5.80030071077091,6.06904701439248,2.18551905766705e-05,0.000970420703421587,0.000841418226436364,"CALM2/CXADR/ATP1B1/CALM3/SLC8A1/SCN3B/ANK2/ATP1A3/HCN3",9
"GO:0071786","endoplasmic reticulum tubular network organization","6/496","23/18860",0.260869565217391,9.91935483870968,7.03409156521975,2.21391192434474e-05,0.000971857018607243,0.000842663605653705,"RTN1/ARL6IP1/REEP1/RAB18/RTN2/ATL1",6
"GO:0021872","forebrain generation of neurons","11/496","90/18860",0.122222222222222,4.64740143369176,5.70018839119814,2.38070657341514e-05,0.0010218521659003,0.000886012668609004,"DLX5/DLX2/DLX1/ARX/ERBB4/ROBO1/ROBO2/DCLK2/CHD5/BCL11B/NRP2",11
"GO:0035418","protein localization to synapse","11/496","90/18860",0.122222222222222,4.64740143369176,5.70018839119814,2.38070657341514e-05,0.0010218521659003,0.000886012668609004,"MAPT/NSG1/ERBB4/GRIP2/NRXN1/NRXN2/WNT7A/HRAS/PCLO/GRIPAP1/KIF5A",11
"GO:0007612","learning","15/496","162/18860",0.0925925925925926,3.52075866188769,5.295509167274,2.54312599423863e-05,0.00107957095777405,0.000936058636630111,"TAC1/NRXN3/MEIS2/NRGN/GABRB3/FOXP2/SLC12A5/ATXN1/APP/SNAP25/NRXN1/NRXN2/JPH4/PRKAR2B/NDRG4",15
"GO:0060560","developmental growth involved in morphogenesis","19/496","246/18860",0.0772357723577236,2.93682795698925,5.02522220915037,2.95597326721708e-05,0.00124118747078909,0.00107619072497537,"MAPT/RIMS2/MAP2/RUFY3/SHTN1/DCLK1/NDN/APP/CPNE5/GDI1/L1CAM/NEDD4L/SYT4/ISLR2/NRP2/MACF1/GSK3B/WASF1/CLASP2",19
"GO:0017157","regulation of exocytosis","16/496","189/18860",0.0846560846560847,3.21897934801161,5.0386814107313,4.16475461251374e-05,0.00172994054496135,0.00149997161030206,"VAMP2/RAB3A/SYT5/RIMS2/CALM3/SYT6/VSNL1/SYN1/WNT7A/SYT4/CADPS/SCAMP5/PCLO/PFN2/RAB3C/CLASP2",16
"GO:0007215","glutamate receptor signaling pathway","9/496","65/18860",0.138461538461538,5.26488833746898,5.66056399692724,4.83586241551448e-05,0.00198733367139707,0.00172314828736473,"GRIN2B/CDK5R1/GRIA2/APP/NRXN1/PRNP/FRRS1L/MEF2C/GNAQ",9
"GO:0030900","forebrain development","26/496","419/18860",0.0620525059665871,2.35949649703595,4.62497507859746,5.09504780603232e-05,0.00202941185060472,0.00175963282113008,"DLX5/SLC32A1/DLX2/TUBB2A/DLX1/ATAT1/SIX3/APLP1/ISL1/ARX/NRGN/ERBB4/ROBO1/FOXP2/ROBO2/CDK5R1/DCLK2/NEFL/CHD5/BCL11B/WNT7A/TOP2B/NRP2/GSK3B/SRD5A1/FOXP1",26
"GO:1990090","cellular response to nerve growth factor stimulus","8/496","51/18860",0.156862745098039,5.96457938013915,5.83446743841247,5.0958568342909e-05,0.00202941185060472,0.00175963282113008,"STMN2/MAPT/TAC1/KIDINS220/APP/DYNC1LI2/MAGI2/WASF1",8
"GO:2000300","regulation of synaptic vesicle exocytosis","8/496","51/18860",0.156862745098039,5.96457938013915,5.83446743841247,5.0958568342909e-05,0.00202941185060472,0.00175963282113008,"RAB3A/SYT5/RIMS2/CALM3/SYN1/WNT7A/SYT4/PFN2",8
"GO:0050769","positive regulation of neurogenesis","18/496","235/18860",0.0765957446808511,2.91249142072752,4.84843762170554,5.31113922713695e-05,0.00209356437086021,0.00181525725249729,"MAPT/ROBO1/RUFY3/MAPRE3/SHTN1/ROBO2/SMARCD3/ATXN1/NEFL/CAMK2B/GDI1/PARP6/L1CAM/TIAM1/ISLR2/EPHA4/MACF1/MAP6",18
"GO:0061337","cardiac conduction","11/496","99/18860",0.111111111111111,4.22491039426523,5.2871762020663,5.83388629864286e-05,0.00227074578041326,0.00196888512426257,"CALM2/CXADR/AKAP9/ISL1/ATP1B1/CALM3/SLC8A1/SCN3B/ANK2/ATP1A3/HCN3",11
"GO:0007019","microtubule depolymerization","8/496","52/18860",0.153846153846154,5.84987593052109,5.75542658922797,5.8854298360461e-05,0.00227074578041326,0.00196888512426257,"STMN1/STMN2/STMN4/APC/STMN3/APC2/CLASP2/NAV3",8
"GO:0016082","synaptic vesicle priming","6/496","27/18860",0.222222222222222,8.44982078853047,6.36626160564314,5.93697447118144e-05,0.00227074578041326,0.00196888512426257,"RIMS2/SV2A/SNAP25/SYP/NAPB/ERC2",6
"GO:0017156","calcium-ion regulated exocytosis","9/496","67/18860",0.134328358208955,5.10772749157439,5.53550816274493,6.17465097895514e-05,0.00231906828818867,0.00201078389934639,"VAMP2/RAB3A/SYT5/RIMS2/SNAP25/SYT6/SYT4/CADPS/SCAMP5",9
"GO:0045773","positive regulation of axon extension","7/496","39/18860",0.17948717948718,6.82485525227461,5.98428984642504,6.18338166408058e-05,0.00231906828818867,0.00201078389934639,"MAPT/RUFY3/SHTN1/GDI1/L1CAM/ISLR2/MACF1",7
"GO:0030516","regulation of axon extension","10/496","84/18860",0.119047619047619,4.52668970814132,5.32380183534436,6.98877707954343e-05,0.00259592748637272,0.00225083893391773,"MAPT/MAP2/RUFY3/SHTN1/GDI1/L1CAM/ISLR2/MACF1/GSK3B/CLASP2",10
"GO:1990089","response to nerve growth factor","8/496","54/18860",0.148148148148148,5.63321385902031,5.60334724843564,7.77154476799024e-05,0.0028205969677327,0.00244564207020054,"STMN2/MAPT/TAC1/KIDINS220/APP/DYNC1LI2/MAGI2/WASF1",8
"GO:0000381","regulation of alternative mRNA splicing, via spliceosome","9/496","69/18860",0.130434782608696,4.95967741935484,5.41534253977052,7.81268122048663e-05,0.0028205969677327,0.00244564207020054,"RBFOX2/CELF4/CELF5/NOVA1/RBFOX1/CELF3/SRRM4/CELF1/RBM4",9
"GO:0048857","neural nucleus development","9/496","69/18860",0.130434782608696,4.95967741935484,5.41534253977052,7.81268122048663e-05,0.0028205969677327,0.00244564207020054,"INA/CALM2/YWHAQ/CDC42/ARX/CALM3/FOXP2/CDK5R1/FGF9",9
"GO:0003128","heart field specification","5/496","18/18860",0.277777777777778,10.5622759856631,6.67037965848504,7.9544507933175e-05,0.00284518920505421,0.00246696514857079,"ISL1/ROBO1/ROBO2/SMARCD3/MEF2C",5
"GO:0001508","action potential","15/496","179/18860",0.0837988826815642,3.18638493422238,4.83024998480963,8.07193372422518e-05,0.00286072293364054,0.00248043390733796,"TAC1/CXADR/AKAP9/ATP1B1/CALM3/SCN3A/SLC8A1/ANK3/SCN3B/ANK2/AKAP6/SCN2A/NEDD4L/HCN3/CACNB3",15
"GO:0099072","regulation of postsynaptic membrane neurotransmitter receptor levels","12/496","121/18860",0.0991735537190083,3.77099440149294,5.02541179042644,8.36238217615004e-05,0.0029367165769516,0.0025463253669387,"NSG1/SST/ERBB4/AP2M1/SLC12A5/GRIP2/CALY/FRRS1L/HRAS/CACNG8/GRIPAP1/RABEP1",12
"GO:0032271","regulation of protein polymerization","16/496","202/18860",0.0792079207920792,3.01181731076333,4.72441682557524,9.227001237279e-05,0.00318846907064513,0.00276461124645226,"STMN1/STMN2/MAPT/AKAP9/MAP2/MAPRE3/CDK5R1/PDE4DIP/HIP1R/ARHGEF7/EVL/PAK3/PFN2/SPTBN1/CLASP2/NAV3",16
"GO:0032535","regulation of cellular component size","23/496","361/18860",0.0637119113573407,2.42259404878921,4.48515017282146,9.24433176060717e-05,0.00318846907064513,0.00276461124645226,"MAPT/MAP2/RUFY3/AP2M1/SHTN1/SLC12A5/NEFL/GDI1/BLOC1S2/HIP1R/WNT7A/L1CAM/WNK3/DNM1/EVL/ISLR2/PAK3/MACF1/GSK3B/PFN2/SPTBN1/BORCS8/CLASP2",23
"GO:0021537","telencephalon development","20/496","291/18860",0.0687285223367698,2.61334663562798,4.55823226175394,9.4892038746702e-05,0.00321550829542552,0.00278805602301021,"DLX5/SLC32A1/DLX2/TUBB2A/DLX1/ATAT1/SIX3/ARX/NRGN/ERBB4/ROBO1/FOXP2/ROBO2/CDK5R1/DCLK2/NEFL/BCL11B/GSK3B/SRD5A1/FOXP1",20
"GO:0051258","protein polymerization","20/496","291/18860",0.0687285223367698,2.61334663562798,4.55823226175394,9.4892038746702e-05,0.00321550829542552,0.00278805602301021,"STMN1/STMN2/MAPT/AKAP9/MAP2/MAPRE3/CDK5R1/PDE4DIP/NEFL/BLOC1S2/HIP1R/ARHGEF7/EVL/PAK3/PFN2/WASF1/SPTBN1/MAP4/CLASP2/NAV3",20
"GO:0043254","regulation of protein-containing complex assembly","26/496","438/18860",0.0593607305936073,2.25714390926499,4.37492072957898,0.000105311378334699,0.00353754656092994,0.00306728426417403,"STMN1/STMN2/MAPT/ATAT1/AKAP9/ISL1/CDC42/MAP2/MAPRE3/FSCN1/CDK5R1/PDE4DIP/SYP/HIP1R/LMO4/ARHGEF7/NAPB/EVL/PAK3/GSK3B/PFN2/SPTBN1/SH3GLB1/CLASP2/NAV3/MAPK8",26
"GO:0001558","regulation of cell growth","25/496","414/18860",0.0603864734299517,2.29614695340502,4.38247894481402,0.000108991782773974,0.00362961428324019,0.00314711300169497,"MAPT/EIF4G2/CDC42/RIMS2/MAP2/RUFY3/CDKN2D/MEAF6/SHTN1/IP6K2/CPNE5/GDI1/SOCS2/AKAP6/L1CAM/NEDD4L/SYT4/ISLR2/GNG4/FHL1/MACF1/GSK3B/DACT3/CLASP2/FOXP1",25
"GO:1902414","protein localization to cell junction","12/496","125/18860",0.096,3.65032258064516,4.88588702853794,0.000114504423885584,0.00377145292752165,0.00327009638415027,"MAPT/NSG1/ERBB4/KIF3A/GRIP2/NRXN1/NRXN2/WNT7A/HRAS/PCLO/GRIPAP1/KIF5A",12
"GO:0099172","presynapse organization","8/496","57/18860",0.140350877192982,5.33672891907187,5.38893142688236,0.000115203584117928,0.00377145292752165,0.00327009638415027,"DAAM1/PLS3/APP/NRXN1/WNT7A/PCLO/PFN2/CLASP2",8
"GO:0035235","ionotropic glutamate receptor signaling pathway","6/496","31/18860",0.193548387096774,7.35952133194589,5.82382309158798,0.000135073150270922,0.00438476957560144,0.00380188203593165,"GRIN2B/CDK5R1/GRIA2/APP/NRXN1/MEF2C",6
"GO:0030307","positive regulation of cell growth","14/496","168/18860",0.0833333333333333,3.16868279569892,4.64022794627783,0.00014684559881742,0.00472720456859744,0.00409879557400903,"MAPT/EIF4G2/CDC42/RIMS2/RUFY3/SHTN1/CPNE5/GDI1/AKAP6/L1CAM/NEDD4L/SYT4/ISLR2/MACF1",14
"GO:1900271","regulation of long-term synaptic potentiation","7/496","45/18860",0.155555555555556,5.91487455197133,5.4247922299889,0.000159225400902556,0.00508336961724442,0.00440761396843788,"NSG1/NRGN/APP/PRNP/EPHA4/GSK3B/ADCY1",7
"GO:0051495","positive regulation of cytoskeleton organization","15/496","191/18860",0.0785340314136126,2.98619321060632,4.53413216554022,0.000166708955043418,0.00527866142076003,0.00457694473639479,"STMN2/MAPT/TAC1/AKAP9/CDC42/CCDC88A/PFDN2/MTSS1/CDK5R1/PDE4DIP/DYNC1H1/EVL/PFN2/WASF1/NAV3",15
"GO:0016050","vesicle organization","24/496","401/18860",0.0598503740648379,2.27576220738476,4.24379464560982,0.000170295695513173,0.00534839245339339,0.00463740610289188,"VAMP2/RAB3A/SYT5/FNBP1L/ATP6V0B/AP1S2/DNM3/CHN2/AP2M1/RAB2A/SNAP25/ATP6V0A1/SYP/BLOC1S2/STX7/STX12/ATP6V1A/ATP6V0D1/DNM1/SYT4/ATP6V1H/MVB12B/ERC2/VTI1B",24
"GO:0007613","memory","12/496","131/18860",0.0916030534351145,3.48313223344004,4.68699755503029,0.000178956651639134,0.00557507697808045,0.00483395641354605,"MAPT/TAC1/GABRB3/ATXN1/PLK2/APP/PRNP/CAMK2N1/SCN2A/SYT4/SLITRK4/ADCY1",12
"GO:0060078","regulation of postsynaptic membrane potential","13/496","152/18860",0.0855263157894737,3.25206918505942,4.58148604442387,0.000194255352890678,0.00595815511642416,0.00516611021716465,"CELF4/RIMS2/GABRB3/GLRA2/GRIN2B/ATXN1/GRIA2/APP/NRXN1/WNT7A/MEF2C/GSK3B/GABBR1",13
"GO:0010644","cell communication by electrical coupling","6/496","33/18860",0.181818181818182,6.91348973607038,5.5876189613495,0.000194337961343371,0.00595815511642416,0.00516611021716465,"CALM2/ATP1B1/CALM3/SLC8A1/ANK3/ATP1A3",6
"GO:1990504","dense core granule exocytosis","4/496","12/18860",0.333333333333333,12.6747311827957,6.64846523873763,0.000197773058302914,0.00601572696239495,0.00521602877347595,"RAB3A/SNAP25/SYT4/CADPS",4
"GO:0061572","actin filament bundle organization","14/496","173/18860",0.0809248554913295,3.07710236807757,4.5105311464404,0.000199818348116387,0.00603045530291877,0.00522879920811137,"STMN1/TAC1/DPYSL3/CDC42/CCDC88A/MTSS1/FSCN1/SHTN1/PLS3/EVL/KCTD13/TMEFF2/PFN2/CLASP2",14
"GO:0048663","neuron fate commitment","9/496","78/18860",0.115384615384615,4.38740694789082,4.92674725929536,0.00020405660108024,0.00611062519358889,0.00529831174734658,"DLX2/DLX1/ISL1/CDC42/ARX/MYT1L/ZNF521/BCL11B/LMO4",9
"GO:0008089","anterograde axonal transport","7/496","47/18860",0.148936170212766,5.66317776252574,5.26039551666916,0.000210900176872177,0.00621914033020778,0.00539240146892139,"MAP2/KIF3A/NEFL/KIF1A/BLOC1S2/ARL8A/KIF5A",7
"GO:0045663","positive regulation of myoblast differentiation","7/496","47/18860",0.148936170212766,5.66317776252574,5.26039551666916,0.000210900176872177,0.00621914033020778,0.00539240146892139,"ZFHX3/SOX4/ACTL6B/SMARCD3/MEF2C/SMARCC2/SMARCE1",7
"GO:0045927","positive regulation of growth","18/496","263/18860",0.0684410646387833,2.60241628848277,4.30079068148082,0.000220755930824217,0.00646045576343901,0.00560163773431147,"MAPT/EIF4G2/CDC42/ARX/RIMS2/ERBB4/RUFY3/SHTN1/CPNE5/GDI1/AKAP6/L1CAM/NEDD4L/MEF2C/SYT4/ISLR2/FGF9/MACF1",18
"GO:0048278","vesicle docking","8/496","63/18860",0.126984126984127,4.82846902201741,5.0022762030063,0.000235291212126149,0.00683405979280686,0.00592557686573332,"RIMS2/SNAP25/STX7/STX12/GNAO1/EXOC7/NDRG4/VTI1B",8
"GO:1902905","positive regulation of supramolecular fiber organization","14/496","176/18860",0.0795454545454545,3.02465175953079,4.4349452859572,0.000238922822804434,0.00688054008121374,0.00596587831612249,"STMN2/MAPT/TAC1/AKAP9/CDC42/CCDC88A/MTSS1/CDK5R1/PDE4DIP/APP/EVL/PFN2/WASF1/NAV3",14
"GO:0048489","synaptic vesicle transport","7/496","48/18860",0.145833333333333,5.54519489247312,5.18169886230223,0.000241383135438208,0.00688054008121374,0.00596587831612249,"RAB3A/MAP2/DNM3/BLOC1S2/DNM1/LIN7B/KIF5A",7
"GO:0060047","heart contraction","18/496","265/18860",0.0679245283018868,2.58277541083384,4.26442682669681,0.000242234908373044,0.00688054008121374,0.00596587831612249,"CALM2/TAC1/CXADR/AKAP9/ISL1/CDC42/ATP1B1/CALM3/SCN3A/SLC8A1/SCN3B/ANK2/ATP1A3/SCN2A/GNAO1/NEDD4L/JPH4/HCN3",18
"GO:0140238","presynaptic endocytosis","9/496","80/18860",0.1125,4.27772177419355,4.82820623087449,0.000247743910458968,0.00698565493505836,0.00605701977011477,"VAMP2/CALM2/CALM3/DNM3/AP2M1/NECAP1/CLTB/DNM1/AAK1",9
"GO:0010882","regulation of cardiac muscle contraction by calcium ion signaling","6/496","35/18860",0.171428571428571,6.5184331797235,5.37030367439941,0.000272414123412716,0.00759673382283129,0.00658686513733508,"CALM2/ATP1B1/CALM3/SLC8A1/ANK2/JPH4",6
"GO:1903828","negative regulation of protein localization","16/496","222/18860",0.0720720720720721,2.74048241790177,4.28709394441205,0.000273775115455134,0.00759673382283129,0.00658686513733508,"AP2M1/PKIA/CD200/APP/DCLK2/VSNL1/GDI1/KLF7/PID1/WNK3/GNAO1/NEDD4L/SYT4/NSFL1C/GSK3B/GRIPAP1",16
"GO:0047496","vesicle transport along microtubule","7/496","49/18860",0.142857142857143,5.43202764976959,5.10518031391932,0.000275315230441724,0.00759673382283129,0.00658686513733508,"MAP2/KIFAP3/DYNC1I1/KIF3A/KIF1A/BLOC1S2/KIF5A",7
"GO:0051899","membrane depolarization","10/496","100/18860",0.1,3.80241935483871,4.61777994422272,0.000301526404988215,0.00826096810262038,0.00716279970640164,"MLLT11/SCN3A/SLC8A1/ANK3/SCN3B/ANK2/NEDD4L/FHL1/HCN3/GOT1",10
"GO:0051963","regulation of synapse assembly","14/496","181/18860",0.0773480662983425,2.94109784352165,4.31247340647853,0.000318748307863077,0.00863668999643711,0.00748857516483314,"CRMP1/MYCBP2/ROBO2/ELMO1/SLC12A5/APP/NRXN1/NRXN2/WNT7A/MEF2C/LIN7B/SLITRK4/NEGR1/LRRN3",14
"GO:0048499","synaptic vesicle membrane organization","6/496","36/18860",0.166666666666667,6.33736559139785,5.26791515098635,0.000319711796399303,0.00863668999643711,0.00748857516483314,"RAB3A/SYT5/SNAP25/SYP/SYT4/ERC2",6
"GO:0061387","regulation of extent of cell growth","10/496","101/18860",0.099009900990099,3.76477163845417,4.57858875583406,0.000326949511123173,0.00872785856656047,0.00756762427859324,"MAPT/MAP2/RUFY3/SHTN1/GDI1/L1CAM/ISLR2/MACF1/GSK3B/CLASP2",10
"GO:0043954","cellular component maintenance","9/496","83/18860",0.108433734939759,4.1231053245239,4.68628935122588,0.000327605356497869,0.00872785856656047,0.00756762427859324,"RAB3A/RIMS2/MTSS1/GRIN2B/APP/ZNF804A/PRNP/PCLO/ERC2",9
"GO:0099565","chemical synaptic transmission, postsynaptic","11/496","121/18860",0.0909090909090909,3.45674486803519,4.45549605558276,0.000352303977480443,0.00932157715758185,0.00808241713296877,"CELF4/RIMS2/GABRB3/GLRA2/GRIN2B/ATXN1/APP/NRXN1/WNT7A/MEF2C/GSK3B",11
"GO:0007035","vacuolar acidification","6/496","37/18860",0.162162162162162,6.16608544027899,5.16933350367669,0.000373208361037615,0.00974124255870477,0.00844629448664076,"ATP6V0B/ATP6V0A1/ATP6V1A/ATP6V0D1/ATP6V0E2/ATP6V1H",6
"GO:0021772","olfactory bulb development","6/496","37/18860",0.162162162162162,6.16608544027899,5.16933350367669,0.000373208361037615,0.00974124255870477,0.00844629448664076,"DLX5/DLX2/ARX/ERBB4/ROBO1/ROBO2",6
"GO:0003015","heart process","18/496","275/18860",0.0654545454545455,2.48885630498534,4.08746808839142,0.000379242988245603,0.00981197305178753,0.00850762245072357,"CALM2/TAC1/CXADR/AKAP9/ISL1/CDC42/ATP1B1/CALM3/SCN3A/SLC8A1/SCN3B/ANK2/ATP1A3/SCN2A/GNAO1/NEDD4L/JPH4/HCN3",18
"GO:0031115","negative regulation of microtubule polymerization","4/496","14/18860",0.285714285714286,10.8640552995392,6.06773281920038,0.00038353816485113,0.00981197305178753,0.00850762245072357,"STMN1/STMN2/MAP2/ARHGEF7",4
"GO:0048388","endosomal lumen acidification","4/496","14/18860",0.285714285714286,10.8640552995392,6.06773281920038,0.00038353816485113,0.00981197305178753,0.00850762245072357,"ATP6V0B/ATP6V0A1/ATP6V1A/ATP6V1H",4
"GO:0086064","cell communication by electrical coupling involved in cardiac conduction","5/496","25/18860",0.2,7.60483870967742,5.43082658279466,0.000423674510211898,0.0107674646904511,0.0093360962014838,"CALM2/ATP1B1/CALM3/SLC8A1/ATP1A3",5
"GO:0000380","alternative mRNA splicing, via spliceosome","9/496","86/18860",0.104651162790698,3.97927606901725,4.55090839258221,0.000427627147410706,0.0107968867349514,0.00936160703860245,"RBFOX2/CELF4/CELF5/NOVA1/RBFOX1/CELF3/SRRM4/CELF1/RBM4",9
"GO:0031112","positive regulation of microtubule polymerization or depolymerization","6/496","38/18860",0.157894736842105,6.00382003395586,5.07431147416504,0.000433453545157482,0.0108729288632685,0.00942754053787496,"STMN2/MAPT/AKAP9/CDK5R1/PDE4DIP/NAV3",6
"GO:0003254","regulation of membrane depolarization","7/496","53/18860",0.132075471698113,5.02206329884358,4.8188521334636,0.000451340031704854,0.0112485583385539,0.00975323586339455,"MLLT11/ANK3/SCN3B/NEDD4L/FHL1/HCN3/GOT1",7
"GO:0036465","synaptic vesicle recycling","9/496","87/18860",0.103448275862069,3.93353726362625,4.50713868919864,0.000466075863777992,0.0115413529600922,0.0100071079523723,"VAMP2/RAB3A/CALM3/DNM3/AP2M1/WNT7A/CLTB/DNM1/GRIPAP1",9
"GO:0010880","regulation of release of sequestered calcium ion into cytosol by sarcoplasmic reticulum","6/496","39/18860",0.153846153846154,5.84987593052109,4.98262395037285,0.00050102076852415,0.0122496406886632,0.0106212397431302,"CALM2/CALM3/SLC8A1/ANK2/AKAP6/JPH4",6
"GO:0021988","olfactory lobe development","6/496","39/18860",0.153846153846154,5.84987593052109,4.98262395037285,0.00050102076852415,0.0122496406886632,0.0106212397431302,"DLX5/DLX2/ARX/ERBB4/ROBO1/ROBO2",6
"GO:1902950","regulation of dendritic spine maintenance","4/496","15/18860",0.266666666666667,10.1397849462366,5.81969282398057,0.00051218362205087,0.0124438071193869,0.0107895947392643,"GRIN2B/APP/ZNF804A/PRNP",4
"GO:0061951","establishment of protein localization to plasma membrane","8/496","71/18860",0.112676056338028,4.28441617446615,4.55671692362378,0.00053821381442445,0.0129741311115302,0.0112494203296835,"VAMP2/NSG1/ANK3/GRIP2/OPTN/MACF1/GRIPAP1/SPTBN1",8
"GO:0051017","actin filament bundle assembly","13/496","169/18860",0.0769230769230769,2.92493796526055,4.13104901700062,0.000544087300043461,0.0129741311115302,0.0112494203296835,"STMN1/TAC1/DPYSL3/CDC42/CCDC88A/MTSS1/FSCN1/PLS3/EVL/KCTD13/TMEFF2/PFN2/CLASP2",13
"GO:1902904","negative regulation of supramolecular fiber organization","13/496","169/18860",0.0769230769230769,2.92493796526055,4.13104901700062,0.000544087300043461,0.0129741311115302,0.0112494203296835,"STMN1/STMN2/MAP2/PFDN2/APC/CTNNA2/HIP1R/ARHGEF7/APC2/TMEFF2/SPTBN1/CLASP2/NAV3",13
"GO:0051588","regulation of neurotransmitter transport","10/496","108/18860",0.0925925925925926,3.52075866188769,4.31753508323547,0.000559832104777021,0.0132676774279364,0.0115039441872811,"RAB3A/SYT5/RIMS2/CALM3/APP/SYN1/WNT7A/MEF2C/SYT4/PFN2",10
"GO:0046928","regulation of neurotransmitter secretion","9/496","90/18860",0.1,3.80241935483871,4.37964358026586,0.000598806991729082,0.0141048256649356,0.0122298064677917,"RAB3A/SYT5/RIMS2/CALM3/SYN1/WNT7A/MEF2C/SYT4/PFN2",9
"GO:0016188","synaptic vesicle maturation","5/496","27/18860",0.185185185185185,7.04151732377539,5.1627926187693,0.000616474312935289,0.0143460257281266,0.0124389426998103,"RAB3A/ATP6V0A1/SYP/ATP6V1A/ATP6V0D1",5
"GO:0021544","subpallium development","5/496","27/18860",0.185185185185185,7.04151732377539,5.1627926187693,0.000616474312935289,0.0143460257281266,0.0124389426998103,"DLX2/DLX1/FOXP2/BCL11B/FOXP1",5
"GO:0007158","neuron cell-cell adhesion","4/496","16/18860",0.25,9.50604838709677,5.59394019354361,0.00066879214393909,0.0152872429114598,0.0132550395640871,"NRXN3/CDK5R1/NRXN1/NRXN2",4
"GO:0010649","regulation of cell communication by electrical coupling","4/496","16/18860",0.25,9.50604838709677,5.59394019354361,0.00066879214393909,0.0152872429114598,0.0132550395640871,"CALM2/CALM3/SLC8A1/ANK3",4
"GO:0019896","axonal transport of mitochondrion","4/496","16/18860",0.25,9.50604838709677,5.59394019354361,0.00066879214393909,0.0152872429114598,0.0132550395640871,"MAPT/UCHL1/NEFL/ACTR10",4
"GO:0007626","locomotory behavior","15/496","218/18860",0.0688073394495413,2.61634359277893,3.94486556265857,0.000683288171291184,0.0155267188570461,0.0134626808733656,"ZFHX3/GAD1/PBX3/UCHL1/SEZ6L2/ATXN1/APP/CHL1/SNAP25/GNAO1/SOBP/MEIS1/EPHA4/NEGR1/EFNB3",15
"GO:0060079","excitatory postsynaptic potential","10/496","111/18860",0.0900900900900901,3.42560302237722,4.21219711566123,0.000694920450352692,0.0156986999983184,0.0136117997723747,"CELF4/RIMS2/GLRA2/GRIN2B/ATXN1/APP/NRXN1/WNT7A/MEF2C/GSK3B",10
"GO:0060998","regulation of dendritic spine development","7/496","57/18860",0.12280701754386,4.66963780418789,4.55998676820591,0.000707339614730687,0.0158863542540968,0.0137745082868607,"NGEF/MAPRE3/CAMK2B/KIF1A/MEF2C/MAPK6/TANC2",7
"GO:1901379","regulation of potassium ion transmembrane transport","8/496","74/18860",0.108108108108108,4.11072362685266,4.40632630479805,0.000711933534617496,0.0158971054579618,0.0137838302838629,"VAMP2/ATP1B1/ANK3/ANK2/PRNP/AKAP6/NEDD4L/FHL1",8
"GO:0034643","establishment of mitochondrion localization, microtubule-mediated","5/496","28/18860",0.178571428571429,6.79003456221198,5.03881571924988,0.00073442651975028,0.0162119408331162,0.0140568131479422,"MAPT/UCHL1/NEFL/ACTR10/WASF1",5
"GO:0047497","mitochondrion transport along microtubule","5/496","28/18860",0.178571428571429,6.79003456221198,5.03881571924988,0.00073442651975028,0.0162119408331162,0.0140568131479422,"MAPT/UCHL1/NEFL/ACTR10/WASF1",5
"GO:0099171","presynaptic modulation of chemical synaptic transmission","6/496","42/18860",0.142857142857143,5.43202764976959,4.72559937798574,0.000753731567265465,0.0165435513883323,0.0143443411904229,"RAB3A/LAMP5/NRXN2/GSK3B/PFN2/ADCY1",6
"GO:0032456","endocytic recycling","9/496","93/18860",0.0967741935483871,3.67976066597294,4.25751887398163,0.000760975789670759,0.0166081891271081,0.0144003863379861,"NSG1/ARL4C/RAB11B/GRIP2/STX12/NDRG4/GRIPAP1/WIPF3/MTMR4",9
"GO:0051452","intracellular pH reduction","7/496","58/18860",0.120689655172414,4.58912680756396,4.49901355597258,0.000786499547336867,0.0170688075919231,0.014799772676676,"ATP6V0B/SLC12A5/ATP6V0A1/ATP6V1A/ATP6V0D1/ATP6V0E2/ATP6V1H",7
"GO:0016241","regulation of macroautophagy","14/496","199/18860",0.0703517587939698,2.67506889285135,3.90398627149288,0.000822102300202275,0.0177417943334156,0.0153832962025501,"UCHL1/ATP6V0B/CDK5R1/ATP6V0A1/ATP6V1A/ATP6V0D1/ATP6V0E2/OPTN/ATP6V1H/EXOC7/MOAP1/UBQLN2/SH3GLB1/MAPK8",14
"GO:1905475","regulation of protein localization to membrane","13/496","177/18860",0.0734463276836158,2.79273737926007,3.93818874361921,0.000839772072422596,0.0180224417542694,0.015626635873969,"GPC2/AP2M1/CAMK2B/NRXN1/STX7/PRNP/PID1/FRRS1L/WNK3/HRAS/GRIPAP1/SPTBN1/VTI1B",13
"GO:0090158","endoplasmic reticulum membrane organization","4/496","17/18860",0.235294117647059,8.94686907020873,5.38718662589042,0.000856508591121143,0.0180802879098414,0.0156767922746475,"RTN1/ARL6IP1/RTN2/ATL1",4
"GO:0097091","synaptic vesicle clustering","4/496","17/18860",0.235294117647059,8.94686907020873,5.38718662589042,0.000856508591121143,0.0180802879098414,0.0156767922746475,"RAB3A/NRXN1/SYN1/PCLO",4
"GO:2000369","regulation of clathrin-dependent endocytosis","4/496","17/18860",0.235294117647059,8.94686907020873,5.38718662589042,0.000856508591121143,0.0180802879098414,0.0156767922746475,"HIP1R/SH3GL3/AAK1/UBQLN2",4
"GO:2000819","regulation of nucleotide-excision repair","5/496","29/18860",0.172413793103448,6.55589543937709,4.92076808788348,0.000868449547720014,0.0182186802924304,0.0157967875227907,"ACTL6B/DPF1/SMARCD3/SMARCC2/SMARCE1",5
"GO:0035176","social behavior","7/496","59/18860",0.11864406779661,4.51134499726627,4.43941310267173,0.000872496985270419,0.0182186802924304,0.0157967875227907,"GAD1/NRXN3/GABRB3/ATXN1/NRXN1/NRXN2/NEGR1",7
"GO:0021766","hippocampus development","9/496","95/18860",0.0947368421052632,3.60229202037351,4.17888167945504,0.000887731236386865,0.018437127775067,0.0159861957791907,"SLC32A1/DLX2/DLX1/ATAT1/CDK5R1/DCLK2/NEFL/GSK3B/SRD5A1",9
"GO:0034762","regulation of transmembrane transport","24/496","450/18860",0.0533333333333333,2.02795698924731,3.62719440445231,0.000893108770512518,0.018449621286042,0.015997028470424,"VAMP2/CALM2/YWHAQ/ATP1B1/CALM3/SLC8A1/GRIN2B/ANK3/ARL6IP1/ANK2/TSPAN13/OAZ2/PRNP/AKAP6/FXYD7/PID1/WNK3/NEDD4L/JPH4/CACNG8/RTN2/FHL1/SLC43A2/CACNB3",24
"GO:0045661","regulation of myoblast differentiation","8/496","77/18860",0.103896103896104,3.95056556346879,4.26368075432067,0.000928191944236991,0.0190073822749488,0.0164806437317293,"ZFHX3/SOX4/ACTL6B/SMARCD3/MEF2C/SMARCC2/SMARCE1/EID2B",8
"GO:0030534","adult behavior","12/496","157/18860",0.0764331210191083,2.90630778713787,3.94188307201906,0.000929949585805155,0.0190073822749488,0.0164806437317293,"PBX3/NRXN3/UCHL1/SEZ6L2/MAPRE3/ATXN1/APP/CHL1/NRXN1/NRXN2/EPHA4/EFNB3",12
"GO:0014808","release of sequestered calcium ion into cytosol by sarcoplasmic reticulum","6/496","44/18860",0.136363636363636,5.18511730205279,4.56758720348304,0.000970336676673364,0.0197284767473116,0.0171058798070617,"CALM2/CALM3/SLC8A1/ANK2/AKAP6/JPH4",6
"GO:0045666","positive regulation of neuron differentiation","9/496","97/18860",0.0927835051546392,3.52801795809777,4.10233770788876,0.00103112398558902,0.0208546175724104,0.0180823175648623,"DLX2/DLX1/APP/NBL1/SOCS2/MEF2C/SH3GL3/PCP4/CYB5D2",9
"GO:0006892","post-Golgi vesicle-mediated transport","10/496","117/18860",0.0854700854700855,3.24993107251172,4.01198331557757,0.00104611518759117,0.0210476196336702,0.0182496629765082,"VAMP2/ANK3/GDI1/OPTN/MACF1/MYO5A/SPTBN1/SCAMP1/RABEP1/VTI1B",10
"GO:0048168","regulation of neuronal synaptic plasticity","7/496","61/18860",0.114754098360656,4.36343204653622,4.32410994500462,0.00106664864019778,0.0212395035932166,0.018416038920832,"RAB3A/GRIN2B/APP/CAMK2B/SYP/HRAS/SYT4",7
"GO:0051703","biological process involved in intraspecies interaction between organisms","7/496","61/18860",0.114754098360656,4.36343204653622,4.32410994500462,0.00106664864019778,0.0212395035932166,0.018416038920832,"GAD1/NRXN3/GABRB3/ATXN1/NRXN1/NRXN2/NEGR1",7
"GO:0097494","regulation of vesicle size","4/496","18/18860",0.222222222222222,8.44982078853047,5.19678924993156,0.00107849832917485,0.0213653284389868,0.0185251372924932,"AP2M1/BLOC1S2/DNM1/BORCS8",4
"GO:0021954","central nervous system neuron development","9/496","98/18860",0.0918367346938776,3.49201777485188,4.0648182725138,0.00110954667523852,0.0218682592165632,0.0189612111740546,"MAPT/MYCBP2/ARX/MAP2/ROBO1/ROBO2/DCLK2/NRP2/EPHA4",9
"GO:0090174","organelle membrane fusion","11/496","139/18860",0.079136690647482,3.00910884195869,3.9071750581103,0.00113098376451666,0.0221776156463342,0.019229443434101,"VAMP2/RAB3A/SYT5/RAB2A/SNAP25/STX7/STX12/SYT4/ATL1/ERC2/VTI1B",11
"GO:0048284","organelle fusion","13/496","183/18860",0.0710382513661202,2.70117221928433,3.80046549491433,0.00114132907164352,0.02226744547353,0.0193073317701738,"VAMP2/RAB3A/SYT5/RAB2A/SNAP25/GDAP1/STX7/STX12/PID1/SYT4/ATL1/ERC2/VTI1B",13
"GO:0007389","pattern specification process","25/496","486/18860",0.051440329218107,1.95597703438205,3.50897492139067,0.00116987940936724,0.0226970038433334,0.0196797869748047,"DLX2/DLX1/PBX3/SIX3/MEIS2/SP8/ISL1/CXXC4/ERBB4/ROBO1/ROBO2/SMARCD3/APC/NBL1/PLXNA2/WNT7A/APC2/MEF2C/MAFB/MEIS1/NRP2/PBX1/TSHZ1/NDRG4/MEIS3",25
"GO:0031629","synaptic vesicle fusion to presynaptic active zone membrane","5/496","31/18860",0.161290322580645,6.13293444328824,4.70055851346324,0.00119001443743795,0.0226970038433334,0.0196797869748047,"RAB3A/SYT5/SNAP25/SYT4/ERC2",5
"GO:0086010","membrane depolarization during action potential","5/496","31/18860",0.161290322580645,6.13293444328824,4.70055851346324,0.00119001443743795,0.0226970038433334,0.0196797869748047,"SCN3A/SLC8A1/ANK3/SCN3B/ANK2",5
"GO:0098901","regulation of cardiac muscle cell action potential","5/496","31/18860",0.161290322580645,6.13293444328824,4.70055851346324,0.00119001443743795,0.0226970038433334,0.0196797869748047,"CXADR/AKAP9/CALM3/ANK2/HCN3",5
"GO:0050848","regulation of calcium-mediated signaling","9/496","99/18860",0.0909090909090909,3.45674486803519,4.0277841591886,0.00119272373290103,0.0226970038433334,0.0196797869748047,"MAPT/CALM2/CALM3/APP/PRNP/AKAP6/NEGR1/GSK3B/PCP4",9
"GO:0021762","substantia nigra development","6/496","46/18860",0.130434782608696,4.95967741935484,4.41890514697784,0.00123185162626915,0.0232128918647694,0.0201270956343437,"INA/CALM2/YWHAQ/CDC42/CALM3/FGF9",6
"GO:1903514","release of sequestered calcium ion into cytosol by endoplasmic reticulum","6/496","46/18860",0.130434782608696,4.95967741935484,4.41890514697784,0.00123185162626915,0.0232128918647694,0.0201270956343437,"CALM2/CALM3/SLC8A1/ANK2/AKAP6/JPH4",6
"GO:1903076","regulation of protein localization to plasma membrane","10/496","121/18860",0.0826446280991736,3.14249533457745,3.88558032073909,0.00135236632107273,0.0253601509626405,0.0219889097274063,"AP2M1/CAMK2B/NRXN1/STX7/PRNP/PID1/WNK3/GRIPAP1/SPTBN1/VTI1B",10
"GO:0120032","regulation of plasma membrane bounded cell projection assembly","14/496","210/18860",0.0666666666666667,2.53494623655914,3.67603742424618,0.00137940157595902,0.0254085910357154,0.0220309104392949,"DPYSL3/CDC42/FNBP1L/CCDC88A/GAP43/FSCN1/APC/NRXN1/ODF2L/EVL/HRAS/GSK3B/PFN2/MAP4",14
"GO:0007026","negative regulation of microtubule depolymerization","5/496","32/18860",0.15625,5.94128024193548,4.59757588460621,0.00138027958521107,0.0254085910357154,0.0220309104392949,"STMN2/APC/APC2/CLASP2/NAV3",5
"GO:0099500","vesicle fusion to plasma membrane","5/496","32/18860",0.15625,5.94128024193548,4.59757588460621,0.00138027958521107,0.0254085910357154,0.0220309104392949,"RAB3A/SYT5/SNAP25/SYT4/ERC2",5
"GO:1990806","ligand-gated ion channel signaling pathway","6/496","47/18860",0.127659574468085,4.8541523678792,4.34775744546575,0.00138125915544919,0.0254085910357154,0.0220309104392949,"GRIN2B/CDK5R1/GRIA2/APP/NRXN1/MEF2C",6
"GO:0140056","organelle localization by membrane tethering","8/496","82/18860",0.0975609756097561,3.70967741935484,4.04125614051282,0.00140286873691984,0.0256838006195324,0.0222695351503065,"RIMS2/SNAP25/STX7/STX12/GNAO1/EXOC7/NDRG4/VTI1B",8
"GO:0071868","cellular response to monoamine stimulus","7/496","64/18860",0.109375,4.15889616935484,4.16015149876296,0.00141973842884195,0.0258700450500775,0.0224310212540967,"APLP1/APP/GNG2/GNAL/GNAO1/GSK3B/SRD5A1",7
"GO:0051489","regulation of filopodium assembly","6/496","48/18860",0.125,4.75302419354839,4.2785934715598,0.00154409858687934,0.0280040039488961,0.0242813032045962,"DPYSL3/CDC42/FNBP1L/GAP43/FSCN1/NRXN1",6
"GO:0098900","regulation of action potential","7/496","65/18860",0.107692307692308,4.09491315136476,4.107716913552,0.00155573481079656,0.0280826848531923,0.0243495246952485,"TAC1/CXADR/AKAP9/CALM3/ANK2/HCN3/CACNB3",7
"GO:0060491","regulation of cell projection assembly","14/496","213/18860",0.0657276995305164,2.49924276843859,3.61637789083682,0.00157707256597059,0.0280826848531923,0.0243495246952485,"DPYSL3/CDC42/FNBP1L/CCDC88A/GAP43/FSCN1/APC/NRXN1/ODF2L/EVL/HRAS/GSK3B/PFN2/MAP4",14
"GO:0051494","negative regulation of cytoskeleton organization","12/496","167/18860",0.0718562874251497,2.73227738072243,3.6953254551013,0.00158388576705402,0.0280826848531923,0.0243495246952485,"STMN1/STMN2/MAP2/APC/CTNNA2/HIP1R/ARHGEF7/APC2/TMEFF2/SPTBN1/CLASP2/NAV3",12
"GO:0031116","positive regulation of microtubule polymerization","5/496","33/18860",0.151515151515152,5.76124144672532,4.4988668577557,0.00159205487518745,0.0280826848531923,0.0243495246952485,"MAPT/AKAP9/CDK5R1/PDE4DIP/NAV3",5
"GO:0090313","regulation of protein targeting to membrane","5/496","33/18860",0.151515151515152,5.76124144672532,4.4988668577557,0.00159205487518745,0.0280826848531923,0.0243495246952485,"ANK3/CDK5R1/GDI1/PRNP/HRAS",5
"GO:2000463","positive regulation of excitatory postsynaptic potential","5/496","33/18860",0.151515151515152,5.76124144672532,4.4988668577557,0.00159205487518745,0.0280826848531923,0.0243495246952485,"RIMS2/GRIN2B/APP/NRXN1/WNT7A",5
"GO:1904062","regulation of monoatomic cation transmembrane transport","17/496","288/18860",0.0590277777777778,2.2444836469534,3.49762002702413,0.00169766303605581,0.0297444569777952,0.0257903898261085,"VAMP2/CALM2/ATP1B1/CALM3/SLC8A1/GRIN2B/ANK3/ANK2/TSPAN13/PRNP/AKAP6/FXYD7/WNK3/NEDD4L/JPH4/FHL1/CACNB3",17
"GO:0071867","response to monoamine","7/496","66/18860",0.106060606060606,4.03286901270772,4.05632306349481,0.00170166321307086,0.0297444569777952,0.0257903898261085,"APLP1/APP/GNG2/GNAL/GNAO1/GSK3B/SRD5A1",7
"GO:0009954","proximal/distal pattern formation","5/496","34/18860",0.147058823529412,5.59179316888046,4.40412133500225,0.00182675574803738,0.031644652263087,0.0274379834328768,"DLX2/DLX1/SIX3/SP8/PBX1",5
"GO:0060914","heart formation","5/496","34/18860",0.147058823529412,5.59179316888046,4.40412133500225,0.00182675574803738,0.031644652263087,0.0274379834328768,"ISL1/ROBO1/ROBO2/SMARCD3/MEF2C",5
"GO:0043269","regulation of monoatomic ion transport","23/496","449/18860",0.0512249443207127,1.94778719735613,3.34050284478774,0.00191387780233735,0.0330058479929874,0.0286182291684091,"VAMP2/CALM2/SARAF/YWHAQ/ISL1/ATP1B1/CALM3/SLC8A1/GRIN2B/ANK3/SCN3B/RAB11B/ANK2/TSPAN13/CAMK2B/PRNP/AKAP6/FXYD7/WNK3/NEDD4L/JPH4/FHL1/CACNB3",23
"GO:0019722","calcium-mediated signaling","15/496","242/18860",0.0619834710743802,2.35687150093308,3.49137435277245,0.00194443047192664,0.0332464120285247,0.0288268139228485,"MAPT/CALM2/ATP1B1/CALM3/SLC8A1/GRIN2B/APP/ANK2/PRNP/AKAP6/JPH4/SAMD14/NEGR1/GSK3B/PCP4",15
"GO:0021761","limbic system development","10/496","127/18860",0.078740157480315,2.99403098806198,3.70549834399544,0.00194503989605141,0.0332464120285247,0.0288268139228485,"SLC32A1/DLX2/DLX1/ATAT1/CDK5R1/DCLK2/NEFL/NRP2/GSK3B/SRD5A1",10
"GO:0048268","clathrin coat assembly","4/496","21/18860",0.19047619047619,7.24270353302611,4.70402868586286,0.00198171963724636,0.0335762410468539,0.0291127972563154,"NSG1/HIP1R/CALY/DNM1",4
"GO:0097154","GABAergic neuron differentiation","4/496","21/18860",0.19047619047619,7.24270353302611,4.70402868586286,0.00198171963724636,0.0335762410468539,0.0291127972563154,"DLX2/DLX1/ARX/BCL11B",4
"GO:0034765","regulation of monoatomic ion transmembrane transport","18/496","318/18860",0.0566037735849057,2.15231284236153,3.40582398913313,0.00199872371122785,0.0337164615566515,0.0292343776103287,"VAMP2/CALM2/YWHAQ/ATP1B1/CALM3/SLC8A1/GRIN2B/ANK3/ANK2/TSPAN13/PRNP/AKAP6/FXYD7/WNK3/NEDD4L/JPH4/FHL1/CACNB3",18
"GO:0010720","positive regulation of cell development","23/496","451/18860",0.0509977827050998,1.9391495601173,3.31760332757252,0.0020251845117769,0.0338683489854176,0.0293660739462372,"MAPT/SOX4/ROBO1/RUFY3/MAPRE3/ACTL6B/SHTN1/ROBO2/SMARCD3/ATXN1/NEFL/CAMK2B/GDI1/PARP6/L1CAM/SMARCC2/TIAM1/ISLR2/EPHA4/MACF1/SMARCE1/MAP6/BAD",23
"GO:0046847","filopodium assembly","7/496","68/18860",0.102941176470588,3.91425521821632,3.95650814125184,0.00202526239079251,0.0338683489854176,0.0293660739462372,"DPYSL3/CDC42/FNBP1L/GAP43/DNM3/FSCN1/NRXN1",7
"GO:0008344","adult locomotory behavior","8/496","87/18860",0.0919540229885057,3.49647756766778,3.83563241942357,0.00205269577433565,0.0341791542080113,0.0296355624044285,"PBX3/UCHL1/SEZ6L2/ATXN1/APP/CHL1/EPHA4/EFNB3",8
"GO:1903305","regulation of regulated secretory pathway","10/496","128/18860",0.078125,2.97064012096774,3.6765185132813,0.00206157986589762,0.0341797554590665,0.029636083728422,"RAB3A/SYT5/RIMS2/CALM3/SYT6/SYN1/WNT7A/SYT4/SCAMP5/PFN2",10
"GO:0010765","positive regulation of sodium ion transport","5/496","35/18860",0.142857142857143,5.43202764976959,4.31306017440804,0.00208581268547482,0.0342872102297415,0.0297292540433634,"ATP1B1/ANK3/SCN3B/FXYD7/WNK3",5
"GO:0051654","establishment of mitochondrion localization","5/496","35/18860",0.142857142857143,5.43202764976959,4.31306017440804,0.00208581268547482,0.0342872102297415,0.0297292540433634,"MAPT/UCHL1/NEFL/ACTR10/WASF1",5
"GO:0070296","sarcoplasmic reticulum calcium ion transport","6/496","51/18860",0.117647058823529,4.47343453510436,4.08204585782164,0.00212095991432003,0.0345707516836214,0.0299751030307187,"CALM2/CALM3/SLC8A1/ANK2/AKAP6/JPH4",6
"GO:0098815","modulation of excitatory postsynaptic potential","6/496","51/18860",0.117647058823529,4.47343453510436,4.08204585782164,0.00212095991432003,0.0345707516836214,0.0299751030307187,"CELF4/RIMS2/GRIN2B/APP/NRXN1/WNT7A",6
"GO:0051961","negative regulation of nervous system development","11/496","151/18860",0.0728476821192053,2.76997436445204,3.58877878463989,0.00219675625418285,0.0356557538231443,0.0309158708571863,"DLX2/DLX1/MAP2/RUFY3/KIFAP3/ROBO2/GDI1/WNT7A/SYT4/NEGR1/EFNB3",11
"GO:0032970","regulation of actin filament-based process","21/496","402/18860",0.0522388059701493,1.98633846894559,3.28521051250839,0.00234766023936244,0.0377127046267328,0.0326993817519146,"STMN1/TAC1/AKAP9/CDC42/CCDC88A/NGEF/MTSS1/FSCN1/CDK5R1/ANK2/CTNNA2/HIP1R/EVL/HRAS/PAK3/TMEFF2/PFN2/WASF1/RND3/SPTBN1/CLASP2",21
"GO:0031630","regulation of synaptic vesicle fusion to presynaptic active zone membrane","4/496","22/18860",0.181818181818182,6.91348973607038,4.56093956816385,0.00237229801301995,0.0377127046267328,0.0326993817519146,"RAB3A/SYT5/SYT4/ERC2",4
"GO:0036376","sodium ion export across plasma membrane","4/496","22/18860",0.181818181818182,6.91348973607038,4.56093956816385,0.00237229801301995,0.0377127046267328,0.0326993817519146,"ATP1B1/SLC8A1/ATP1A3/FXYD7",4
"GO:0071625","vocalization behavior","4/496","22/18860",0.181818181818182,6.91348973607038,4.56093956816385,0.00237229801301995,0.0377127046267328,0.0326993817519146,"NRXN3/FOXP2/NRXN1/NRXN2",4
"GO:1901632","regulation of synaptic vesicle membrane organization","4/496","22/18860",0.181818181818182,6.91348973607038,4.56093956816385,0.00237229801301995,0.0377127046267328,0.0326993817519146,"RAB3A/SYT5/SYT4/ERC2",4
"GO:0044091","membrane biogenesis","7/496","70/18860",0.1,3.80241935483871,3.86042642879027,0.00239452005312638,0.0379099629722426,0.0328704176404147,"ANK3/SERINC1/NRXN1/NRXN2/MAFB/NSFL1C/SPTBN1",7
"GO:0010506","regulation of autophagy","20/496","377/18860",0.0530503978779841,2.01719859673141,3.27873806091982,0.00247508728426069,0.0390255599146899,0.0338377131622664,"MAPT/EIF4G2/UCHL1/ATP6V0B/CDK5R1/PLK2/ATP6V0A1/RNF5/ATP6V1A/ATP6V0D1/ATP6V0E2/OPTN/ATP6V1H/EXOC7/GSK3B/MOAP1/UBQLN2/BAD/SH3GLB1/MAPK8",20
"GO:0003139","secondary heart field specification","3/496","11/18860",0.272727272727273,10.3702346041056,5.10880323666938,0.00254833483842096,0.0395350099631332,0.034279439678104,"ISL1/SMARCD3/MEF2C",3
"GO:0098598","learned vocalization behavior or vocal learning","3/496","11/18860",0.272727272727273,10.3702346041056,5.10880323666938,0.00254833483842096,0.0395350099631332,0.034279439678104,"FOXP2/NRXN1/NRXN2",3
"GO:0098887","neurotransmitter receptor transport, endosome to postsynaptic membrane","3/496","11/18860",0.272727272727273,10.3702346041056,5.10880323666938,0.00254833483842096,0.0395350099631332,0.034279439678104,"NSG1/GRIP2/GRIPAP1",3
"GO:0099639","neurotransmitter receptor transport, endosome to plasma membrane","3/496","11/18860",0.272727272727273,10.3702346041056,5.10880323666938,0.00254833483842096,0.0395350099631332,0.034279439678104,"NSG1/GRIP2/GRIPAP1",3
"GO:0010977","negative regulation of neuron projection development","10/496","132/18860",0.0757575757575758,2.88062072336266,3.56335432720663,0.002585275496814,0.0399476769767699,0.0346372489720511,"STMN2/CRMP1/DPYSL3/MAP2/RUFY3/NGEF/STMN3/GDI1/EPHA4/EFNB3",10
"GO:0008016","regulation of heart contraction","14/496","225/18860",0.0622222222222222,2.36594982078853,3.38748852293994,0.00261910083777224,0.0403091097064309,0.0349506347904855,"CALM2/TAC1/CXADR/AKAP9/ISL1/ATP1B1/CALM3/SLC8A1/SCN3B/ANK2/ATP1A3/GNAO1/JPH4/HCN3",14
"GO:0021543","pallium development","13/496","201/18860",0.0646766169154229,2.45927619964693,3.41828187425389,0.0026313908211439,0.0403375505638051,0.034975294874185,"SLC32A1/DLX2/TUBB2A/DLX1/ATAT1/ARX/ROBO1/FOXP2/CDK5R1/DCLK2/NEFL/GSK3B/SRD5A1",13
"GO:0021884","forebrain neuron development","5/496","37/18860",0.135135135135135,5.13840453356582,4.1410064650371,0.00268277068423162,0.0408013509967982,0.0353774401874223,"ARX/ROBO1/ROBO2/DCLK2/NRP2",5
"GO:0097484","dendrite extension","5/496","37/18860",0.135135135135135,5.13840453356582,4.1410064650371,0.00268277068423162,0.0408013509967982,0.0353774401874223,"RIMS2/CPNE5/NEDD4L/SYT4/WASF1",5
"GO:0060048","cardiac muscle contraction","11/496","155/18860",0.0709677419354839,2.69849115504683,3.48952897561615,0.00269463917498352,0.0408211416978876,0.0353946000198042,"CALM2/AKAP9/ATP1B1/CALM3/SCN3A/SLC8A1/SCN3B/ANK2/SCN2A/NEDD4L/JPH4",11
"GO:0002027","regulation of heart rate","9/496","112/18860",0.0803571428571429,3.05551555299539,3.58565773884229,0.00280844879853997,0.0417907525076074,0.0362353160154248,"CALM2/TAC1/AKAP9/ISL1/CALM3/SLC8A1/SCN3B/ANK2/HCN3",9
"GO:0032231","regulation of actin filament bundle assembly","9/496","112/18860",0.0803571428571429,3.05551555299539,3.58565773884229,0.00280844879853997,0.0417907525076074,0.0362353160154248,"STMN1/TAC1/CDC42/CCDC88A/MTSS1/EVL/TMEFF2/PFN2/CLASP2",9
"GO:0086012","membrane depolarization during cardiac muscle cell action potential","4/496","23/18860",0.173913043478261,6.61290322580645,4.42651693435167,0.00281273508982085,0.0417907525076074,0.0362353160154248,"SLC8A1/ANK3/SCN3B/ANK2",4
"GO:1903861","positive regulation of dendrite extension","4/496","23/18860",0.173913043478261,6.61290322580645,4.42651693435167,0.00281273508982085,0.0417907525076074,0.0362353160154248,"RIMS2/CPNE5/NEDD4L/SYT4",4
"GO:2001135","regulation of endocytic recycling","4/496","23/18860",0.173913043478261,6.61290322580645,4.42651693435167,0.00281273508982085,0.0417907525076074,0.0362353160154248,"RAB11B/NDRG4/GRIPAP1/MTMR4",4
"GO:0006906","vesicle fusion","10/496","134/18860",0.0746268656716418,2.83762638420799,3.50835582364899,0.00288438848447482,0.0426911598296024,0.0370160280604916,"VAMP2/RAB3A/SYT5/RAB2A/SNAP25/STX7/STX12/SYT4/ERC2/VTI1B",10
"GO:0022406","membrane docking","8/496","92/18860",0.0869565217391304,3.30645161290323,3.64456575971597,0.00291886684726372,0.0430365749274037,0.0373155255443679,"RIMS2/SNAP25/STX7/STX12/GNAO1/EXOC7/NDRG4/VTI1B",8
"GO:0010092","specification of animal organ identity","5/496","38/18860",0.131578947368421,5.00318336162988,4.0595783076247,0.00302357631136406,0.0440029408792207,0.0381534280359362,"ISL1/ROBO1/ROBO2/SMARCD3/MEF2C",5
"GO:0031114","regulation of microtubule depolymerization","5/496","38/18860",0.131578947368421,5.00318336162988,4.0595783076247,0.00302357631136406,0.0440029408792207,0.0381534280359362,"STMN2/APC/APC2/CLASP2/NAV3",5
"GO:0070229","negative regulation of lymphocyte apoptotic process","5/496","38/18860",0.131578947368421,5.00318336162988,4.0595783076247,0.00302357631136406,0.0440029408792207,0.0381534280359362,"KIFAP3/TSC22D3/BCL11B/ARG2/FOXP1",5
"GO:0032956","regulation of actin cytoskeleton organization","19/496","357/18860",0.0532212885154062,2.02369657540435,3.20922975748323,0.00302997211335043,0.0440029408792207,0.0381534280359362,"STMN1/TAC1/CDC42/CCDC88A/NGEF/MTSS1/FSCN1/CDK5R1/CTNNA2/HIP1R/EVL/HRAS/PAK3/TMEFF2/PFN2/WASF1/RND3/SPTBN1/CLASP2",19
"GO:0006893","Golgi to plasma membrane transport","7/496","73/18860",0.0958904109589041,3.64615554573575,3.72275630667117,0.0030430634633139,0.0440275436658487,0.0381747602612452,"VAMP2/ANK3/GDI1/OPTN/MACF1/SPTBN1/RABEP1",7
"GO:0043266","regulation of potassium ion transport","8/496","93/18860",0.0860215053763441,3.27089836975373,3.60793140704239,0.00312196247621365,0.0447283240982103,0.0387823827351268,"VAMP2/ATP1B1/ANK3/ANK2/PRNP/AKAP6/NEDD4L/FHL1",8
"GO:1904375","regulation of protein localization to cell periphery","11/496","158/18860",0.069620253164557,2.64725398121682,3.4171308514373,0.00312479854146741,0.0447283240982103,0.0387823827351268,"AP2M1/CAMK2B/NRXN1/STX7/PRNP/PID1/WNK3/HRAS/GRIPAP1/SPTBN1/VTI1B",11
"GO:2001222","regulation of neuron migration","6/496","55/18860",0.109090909090909,4.14809384164223,3.84245572582813,0.00312623544046513,0.0447283240982103,0.0387823827351268,"ERBB4/SHTN1/CAMK2B/CTNNA2/SCRT2/IGSF10",6
"GO:0045445","myoblast differentiation","9/496","114/18860",0.0789473684210526,3.00191001697793,3.52337767681478,0.00316460789143935,0.045110259352879,0.0391135455838416,"ZFHX3/SOX4/ISL1/ACTL6B/SMARCD3/MEF2C/SMARCC2/SMARCE1/EID2B",9
"GO:0008361","regulation of cell size","12/496","182/18860",0.0659340659340659,2.50708968450904,3.35757816702269,0.00323700409190348,0.0459725985552322,0.0398612500790901,"MAPT/MAP2/RUFY3/SHTN1/SLC12A5/GDI1/L1CAM/WNK3/ISLR2/MACF1/GSK3B/CLASP2",12
"GO:0061025","membrane fusion","13/496","206/18860",0.0631067961165049,2.39958502975258,3.31942942111875,0.00325165574279782,0.0460115243019339,0.0398950012476678,"VAMP2/RAB3A/SYT5/RAB2A/SNAP25/STX7/STX12/SYT4/NSFL1C/ATL1/RABEP1/ERC2/VTI1B",13
"GO:0021533","cell differentiation in hindbrain","4/496","24/18860",0.166666666666667,6.33736559139785,4.29986438024616,0.00330600848261159,0.0461324642760533,0.0399998641160815,"FOXP2/NRXN1/WNT7A/FAIM2",4
"GO:0097062","dendritic spine maintenance","4/496","24/18860",0.166666666666667,6.33736559139785,4.29986438024616,0.00330600848261159,0.0461324642760533,0.0399998641160815,"GRIN2B/APP/ZNF804A/PRNP",4
"GO:0021892","cerebral cortex GABAergic interneuron differentiation","3/496","12/18860",0.25,9.50604838709677,4.84398022833883,0.00333185543179365,0.0461324642760533,0.0399998641160815,"DLX2/DLX1/ARX",3
"GO:0086015","SA node cell action potential","3/496","12/18860",0.25,9.50604838709677,4.84398022833883,0.00333185543179365,0.0461324642760533,0.0399998641160815,"SCN3B/ANK2/HCN3",3
"GO:0086018","SA node cell to atrial cardiac muscle cell signaling","3/496","12/18860",0.25,9.50604838709677,4.84398022833883,0.00333185543179365,0.0461324642760533,0.0399998641160815,"SCN3B/ANK2/HCN3",3
"GO:1904779","regulation of protein localization to centrosome","3/496","12/18860",0.25,9.50604838709677,4.84398022833883,0.00333185543179365,0.0461324642760533,0.0399998641160815,"APC/NSFL1C/GSK3B",3
"GO:0070316","regulation of G0 to G1 transition","5/496","39/18860",0.128205128205128,4.87489660876758,3.98095805432066,0.0033945403617817,0.0468325336341525,0.0406068700420653,"ACTL6B/DPF1/SMARCD3/SMARCC2/SMARCE1",5
"GO:0051646","mitochondrion localization","6/496","56/18860",0.107142857142857,4.07402073732719,3.78610114273666,0.00342522915474123,0.0470877588069942,0.0408281669615531,"MAPT/UCHL1/NEFL/ACTR10/ATCAY/WASF1",6
"GO:0008637","apoptotic mitochondrial changes","9/496","116/18860",0.0775862068965517,2.95015294771969,3.46244638397608,0.00355542600823609,0.0483613051754086,0.0419324149674101,"MLLT11/ERBB4/TMEM14A/BLOC1S2/HIP1R/PPM1K/GSK3B/MOAP1/BAD",9
"GO:0030038","contractile actin filament bundle assembly","9/496","116/18860",0.0775862068965517,2.95015294771969,3.46244638397608,0.00355542600823609,0.0483613051754086,0.0419324149674101,"STMN1/TAC1/CDC42/CCDC88A/EVL/KCTD13/TMEFF2/PFN2/CLASP2",9
"GO:0043149","stress fiber assembly","9/496","116/18860",0.0775862068965517,2.95015294771969,3.46244638397608,0.00355542600823609,0.0483613051754086,0.0419324149674101,"STMN1/TAC1/CDC42/CCDC88A/EVL/KCTD13/TMEFF2/PFN2/CLASP2",9
